user_id,timestamp,query_count,data_accessed_mb,failed_attempts,hour_of_day,is_weekend,unique_tables,session_duration_min,is_anomaly
USER_018,2026-01-21 20:21:00,18,4.321056897854655,1,11,0,2,107,0
USER_020,2026-03-24 19:19:00,2,7.334814683367144,2,10,0,4,15,0
USER_016,2026-03-28 02:22:00,17,3.0719288026515432,0,17,0,5,28,0
USER_005,2026-02-01 23:17:00,3,2.5568535691397387,2,14,0,5,97,0
USER_018,2026-03-27 00:45:00,16,1.632488570213235,1,15,0,2,12,0
USER_008,2026-02-14 19:20:00,6,6.398249025379646,0,10,0,3,62,0
USER_012,2026-03-29 00:46:00,8,9.698927173745387,2,15,0,3,101,0
USER_015,2026-01-20 22:02:00,20,6.229847833574368,0,13,0,3,68,0
USER_001,2026-01-12 22:14:00,19,5.912517023926855,0,13,0,3,78,0
USER_010,2026-03-30 20:45:00,17,9.104670882515606,1,11,0,2,88,0
USER_010,2026-01-05 02:58:00,17,8.238879735975665,1,17,0,5,107,0
USER_001,2026-01-27 19:41:00,16,9.291196822439852,0,10,0,4,107,0
USER_011,2026-02-19 02:38:00,17,3.0194876849039094,2,17,0,5,60,0
USER_010,2026-01-04 19:24:00,2,1.712783315426343,2,10,0,2,114,0
USER_004,2026-01-06 23:29:00,2,1.7630931664176588,2,14,0,4,110,0
USER_012,2026-03-22 09:00:00,112,72.74168217913015,3,12,0,17,265,1
USER_003,2026-03-12 23:59:00,6,4.817898995483968,1,14,0,2,119,0
USER_005,2026-01-04 23:41:00,16,9.974944085825129,1,14,0,4,56,0
USER_015,2026-02-07 00:10:00,14,7.313194603284041,1,15,0,2,111,0
USER_008,2026-02-04 00:05:00,14,6.290697841135128,2,15,0,5,108,0
USER_004,2026-02-05 01:28:00,8,1.4946885865810169,0,16,0,3,54,0
USER_002,2026-03-30 20:36:00,2,2.8779811333966614,0,11,0,4,63,0
USER_015,2026-02-25 20:07:00,16,0.5038379145491482,1,11,0,5,67,0
USER_016,2026-03-21 18:02:00,8,7.042838430575918,0,9,0,1,27,0
USER_011,2026-02-01 18:50:00,8,7.150771359534415,2,9,0,4,40,0
USER_010,2026-03-07 19:42:00,20,3.418363728557029,0,10,0,3,33,0
USER_015,2026-02-19 00:24:00,3,6.85903050560526,2,15,0,5,22,0
USER_018,2026-03-12 00:51:00,20,8.988332339252032,1,15,0,2,39,0
USER_012,2026-03-31 18:57:00,18,5.978817439213287,0,9,0,1,103,0
USER_003,2026-03-03 01:28:00,10,7.983663823599139,2,16,0,1,50,0
USER_013,2026-03-13 21:23:00,3,7.927751489030481,0,12,0,3,73,0
USER_010,2026-03-25 00:03:00,8,4.999388427438341,0,15,0,2,68,0
USER_006,2026-01-11 23:31:00,11,6.347224445400682,0,14,0,3,86,0
USER_002,2026-02-13 23:50:00,2,4.114527774379047,0,14,0,5,63,0
USER_003,2026-01-22 02:00:00,14,4.559986675715254,2,17,0,4,42,0
USER_004,2026-03-29 18:21:00,11,4.020888328340103,2,9,0,5,8,0
USER_002,2026-03-29 21:56:00,11,3.8755888154188614,0,12,0,4,37,0
USER_010,2026-02-18 23:29:00,18,6.5223412659516145,1,14,0,3,51,0
USER_011,2026-01-04 19:18:00,4,4.002281047390603,2,10,0,1,112,0
USER_007,2026-03-30 21:56:00,19,4.8074528476882055,0,12,0,1,92,0
USER_020,2026-01-23 19:58:00,19,7.415775611968655,2,10,0,4,52,0
USER_003,2026-01-15 19:45:00,15,6.377316940524723,0,10,0,5,95,0
USER_017,2026-01-06 22:46:00,3,8.361119332229011,0,13,0,2,71,0
USER_007,2026-02-12 01:01:00,5,0.5913575150086764,2,16,0,1,28,0
USER_002,2026-01-04 19:15:00,7,8.408365578217522,2,10,0,2,35,0
USER_012,2026-02-09 20:41:00,13,1.376621416888446,2,11,0,1,44,0
USER_006,2026-03-04 23:13:00,12,7.9985403325981554,1,14,0,3,117,0
USER_013,2026-01-05 19:32:00,19,9.014505108568759,2,10,0,5,23,0
USER_011,2026-01-12 09:00:00,419,1496.75346862811,0,15,0,16,2,1
USER_016,2026-02-06 00:48:00,19,5.977134708333242,2,15,0,4,50,0
USER_015,2026-03-30 09:00:00,153,180.31707814825745,3,13,0,24,268,1
USER_010,2026-01-21 00:12:00,11,2.37718439743231,2,15,0,2,68,0
USER_003,2026-03-04 02:46:00,20,9.345527580403013,2,17,0,3,59,0
USER_006,2026-01-31 20:07:00,2,9.938353076834945,2,11,0,2,61,0
USER_004,2026-01-02 20:45:00,5,7.044846151116274,0,11,0,4,49,0
USER_017,2026-03-10 23:00:00,9,2.557750332684568,0,14,0,4,91,0
USER_013,2026-02-12 21:17:00,3,9.672202130078775,1,12,0,3,87,0
USER_008,2026-03-11 01:15:00,10,9.65940670822096,1,16,0,2,52,0
USER_017,2026-01-01 19:24:00,7,6.908890694099983,1,10,0,4,51,0
USER_014,2026-03-01 02:52:00,16,1.2732722552298827,2,17,0,2,29,0
USER_012,2026-02-20 18:09:00,14,3.7593366743811587,1,9,0,1,41,0
USER_016,2026-02-15 02:58:00,19,5.073693229883043,1,17,0,3,28,0
USER_010,2026-02-07 18:29:00,17,6.004062194293473,1,9,0,4,118,0
USER_017,2026-02-21 21:50:00,11,8.028451960166578,2,12,0,1,25,0
USER_011,2026-02-21 18:17:00,3,2.188730151504632,2,9,0,3,32,0
USER_019,2026-02-08 22:31:00,18,7.424574628384211,0,13,0,1,106,0
USER_020,2026-01-31 23:20:00,3,6.6170652320602175,2,14,0,4,29,0
USER_002,2026-02-08 22:36:00,13,8.065569893540973,2,13,0,1,96,0
USER_013,2026-02-03 18:31:00,19,9.711620508433857,2,9,0,3,103,0
USER_018,2026-01-10 22:36:00,8,9.118767086868097,1,13,0,4,62,0
USER_014,2026-03-22 23:39:00,19,4.107249929041546,0,14,0,1,25,0
USER_018,2026-01-22 23:28:00,8,9.264187752914872,0,14,0,2,17,0
USER_010,2026-03-15 22:17:00,17,9.856334192391762,2,13,0,1,22,0
USER_006,2026-01-04 00:56:00,16,0.8991538164232733,0,15,0,2,16,0
USER_017,2026-02-02 19:24:00,8,5.212080643458946,1,10,0,3,67,0
USER_019,2026-03-08 21:10:00,13,1.7780672779270748,1,12,0,3,39,0
USER_006,2026-02-02 22:43:00,20,2.437685325131363,0,13,0,1,24,0
USER_010,2026-02-24 20:00:00,20,3.5928787922977348,2,11,0,4,28,0
USER_002,2026-03-13 09:00:00,3,0.9066859292690495,42,19,0,1,1,1
USER_014,2026-03-11 02:43:00,16,5.769871477249065,0,17,0,4,43,0
USER_008,2026-03-31 02:30:00,16,4.536928040907051,0,17,0,1,42,0
USER_001,2026-02-21 22:39:00,8,4.515129642473132,0,13,0,3,12,0
USER_004,2026-02-27 01:46:00,15,3.2572037947552346,1,16,0,1,108,0
USER_014,2026-02-21 23:47:00,15,8.956911200055028,1,14,0,3,28,0
USER_017,2026-01-18 19:40:00,13,0.8408217948657871,2,10,0,1,60,0
USER_017,2026-02-12 00:05:00,13,6.7256329487585464,0,15,0,2,66,0
USER_002,2026-02-06 00:55:00,3,8.249658025925019,1,15,0,4,99,0
USER_013,2026-02-26 23:29:00,2,0.42531198152158245,2,14,0,3,118,0
USER_012,2026-01-31 19:46:00,4,7.737863603687605,2,10,0,3,22,0
USER_009,2026-03-03 18:07:00,3,4.067003678294204,0,9,0,5,85,0
USER_006,2026-03-19 23:38:00,4,7.8001396731367825,0,14,0,3,18,0
USER_001,2026-02-18 20:37:00,17,0.5304718742446437,0,11,0,1,41,0
USER_008,2026-03-19 22:51:00,12,2.268144935388244,0,13,0,5,37,0
USER_004,2026-01-07 22:15:00,14,6.425622148510822,2,13,0,4,13,0
USER_016,2026-03-25 19:01:00,4,4.094052623824414,0,10,0,5,75,0
USER_016,2026-03-20 20:05:00,10,3.5437503117768476,0,11,0,5,35,0
USER_006,2026-01-19 20:11:00,2,4.253858743234096,1,11,0,4,41,0
USER_020,2026-01-09 22:57:00,7,3.2460807786138814,1,13,0,3,83,0
USER_014,2026-03-30 20:13:00,14,5.068013095648777,2,11,0,4,116,0
USER_010,2026-02-05 22:53:00,16,8.596524354012386,2,13,0,1,116,0
USER_001,2026-03-28 02:52:00,18,3.0638496467797816,2,17,0,1,117,0
USER_002,2026-01-23 00:24:00,1,9.854557553419287,1,15,0,4,41,0
USER_011,2026-03-30 00:59:00,19,0.9869870164546788,2,15,0,4,59,0
USER_012,2026-01-01 18:27:00,3,3.016039544765527,2,9,0,5,66,0
USER_003,2026-03-28 00:58:00,11,6.269238558469451,2,15,0,1,97,0
USER_003,2026-04-01 18:40:00,2,2.3665236597304284,0,9,0,3,14,0
USER_005,2026-03-31 10:00:00,8,4.822947666620683,1,1,1,1,19,1
USER_015,2026-01-08 01:13:00,9,5.537274426944784,1,16,0,4,117,0
USER_003,2026-03-03 01:22:00,14,3.399753097284411,2,16,0,1,114,0
USER_016,2026-01-28 02:44:00,16,3.3729758003473442,0,17,0,1,90,0
USER_001,2026-01-03 21:59:00,18,6.506356224110955,2,12,0,2,16,0
USER_012,2026-03-28 00:42:00,3,4.029261000732371,2,15,0,2,35,0
USER_011,2026-02-06 00:09:00,7,9.576409414847134,1,15,0,1,16,0
USER_011,2026-01-21 19:46:00,15,6.518024853221492,2,10,0,2,6,0
USER_011,2026-01-11 18:53:00,5,0.6547796095787388,1,9,0,1,74,0
USER_001,2026-01-31 22:27:00,19,4.003256404322546,1,13,0,4,56,0
USER_014,2026-01-28 18:08:00,12,3.0283252393209756,2,9,0,1,7,0
USER_005,2026-01-13 23:52:00,17,6.799501158505167,0,14,0,2,97,0
USER_019,2026-02-03 22:03:00,16,5.823596761926147,2,13,0,1,89,0
USER_014,2026-02-21 09:00:00,5,0.8861917277715409,30,11,0,1,5,1
USER_014,2026-04-01 00:25:00,3,6.441319154292283,2,15,0,5,24,0
USER_004,2026-03-02 22:08:00,9,7.279347707350583,2,13,0,2,92,0
USER_008,2026-02-14 01:49:00,15,6.847787265189978,2,16,0,1,66,0
USER_010,2026-03-02 23:57:00,10,9.6990950163133,2,14,0,2,107,0
USER_007,2026-01-18 22:48:00,9,2.9655265990526325,0,13,0,1,68,0
USER_007,2026-02-13 23:12:00,20,8.45589206000825,1,14,0,1,34,0
USER_015,2026-02-26 23:28:00,7,5.160622569058412,2,14,0,2,89,0
USER_019,2026-03-28 19:34:00,13,8.968028569248238,1,10,0,3,103,0
USER_018,2026-02-01 18:58:00,4,4.618972072154708,1,9,0,5,76,0
USER_006,2026-02-24 21:38:00,1,5.821591157702757,2,12,0,2,96,0
USER_005,2026-03-08 18:13:00,18,3.3179903908179424,2,9,0,4,72,0
USER_007,2026-03-22 19:13:00,9,6.638238558201163,0,10,0,2,27,0
USER_003,2026-01-06 09:00:00,4,0.5330587894898144,29,18,1,1,6,1
USER_011,2026-04-01 02:26:00,14,1.5772543174691207,1,17,0,2,101,0
USER_009,2026-01-09 19:24:00,8,6.801438463044489,0,10,0,3,57,0
USER_001,2026-02-12 00:10:00,20,4.654959328748706,2,15,0,3,16,0
USER_019,2026-03-08 00:57:00,14,2.7395269639937765,2,15,0,4,80,0
USER_013,2026-01-09 22:38:00,4,6.886535951191637,2,13,0,4,46,0
USER_018,2026-02-16 20:33:00,17,9.1435210473688,0,11,0,3,110,0
USER_015,2026-02-21 20:30:00,10,4.8150357826567465,2,11,0,2,53,0
USER_001,2026-01-24 23:55:00,5,5.706578838137625,1,14,0,1,23,0
USER_009,2026-02-26 21:04:00,10,2.42148642234489,1,12,0,3,119,0
USER_001,2026-02-18 01:21:00,4,9.800990508673703,2,16,0,3,106,0
USER_003,2026-01-19 02:09:00,8,3.892049395070248,0,17,0,2,13,0
USER_002,2026-03-26 12:00:00,3,4.522304544712086,0,3,1,3,27,1
USER_019,2026-02-24 22:57:00,19,4.054065000889933,0,13,0,2,70,0
USER_005,2026-01-14 20:24:00,20,6.100991662134892,1,11,0,5,117,0
USER_013,2026-02-19 00:35:00,16,0.6555378973767605,0,15,0,2,15,0
USER_006,2026-01-22 22:47:00,17,8.243460389231416,2,13,0,5,32,0
USER_004,2026-03-31 22:09:00,16,1.5899308820250035,0,13,0,5,85,0
USER_005,2026-03-01 22:32:00,17,0.9964848401261347,1,13,0,5,6,0
USER_005,2026-01-10 01:10:00,14,2.8320225288637957,1,16,0,4,105,0
USER_017,2026-02-23 20:29:00,19,0.6715941312319952,1,11,0,3,97,0
USER_008,2026-02-23 02:07:00,11,1.323792484495243,0,17,0,5,22,0
USER_013,2026-01-10 20:19:00,6,5.683186176275273,2,11,0,4,91,0
USER_016,2026-03-30 20:41:00,8,0.3815815901876318,1,11,0,4,13,0
USER_012,2026-03-13 19:30:00,19,5.749318123105683,2,10,0,4,91,0
USER_017,2026-03-31 23:14:00,5,0.6001461600436924,2,14,0,4,62,0
USER_018,2026-02-26 00:25:00,8,1.7163680037698592,2,15,0,4,111,0
USER_007,2026-02-14 01:06:00,14,0.5603535829007814,2,16,0,5,20,0
USER_004,2026-01-17 20:44:00,2,9.81753478817957,0,11,0,1,58,0
USER_014,2026-02-12 21:46:00,4,4.867014828955912,1,12,0,4,31,0
USER_018,2026-02-23 21:14:00,15,5.9337302703714965,0,12,0,2,94,0
USER_004,2026-03-04 00:50:00,19,6.544598674823425,2,15,0,2,25,0
USER_003,2026-02-02 22:12:00,18,2.8170652288137816,2,13,0,3,83,0
USER_017,2026-01-25 23:01:00,1,6.304200593849063,0,14,0,2,93,0
USER_011,2026-02-08 21:36:00,10,9.193166063271459,1,12,0,3,16,0
USER_018,2026-02-18 23:27:00,6,6.828979095072773,2,14,0,4,15,0
USER_012,2026-01-11 02:50:00,11,5.3014111651303155,0,17,0,5,13,0
USER_020,2026-03-11 22:36:00,7,7.89814925699074,0,13,0,5,117,0
USER_015,2026-03-27 01:37:00,17,1.4328965428632647,1,16,0,1,72,0
USER_014,2026-01-14 23:00:00,4,2.661509866996189,2,14,0,5,76,0
USER_012,2026-03-28 09:00:00,2,0.2572433154668943,42,1,0,1,6,1
USER_020,2026-01-02 01:32:00,5,4.454997137483191,0,16,0,1,70,0
USER_017,2026-01-17 02:05:00,16,6.627986850516911,2,17,0,5,110,0
USER_002,2026-03-16 02:09:00,2,1.7467795264480297,0,17,0,5,56,0
USER_014,2026-01-06 23:36:00,8,7.4383985492932405,0,14,0,3,75,0
USER_017,2026-02-21 11:00:00,10,2.838945409974683,1,2,1,2,23,1
USER_004,2026-02-17 23:32:00,7,4.947268054707943,1,14,0,4,39,0
USER_017,2026-01-29 23:07:00,7,7.941450168750293,0,14,0,4,8,0
USER_016,2026-01-02 20:11:00,14,5.046018478507321,2,11,0,5,73,0
USER_016,2026-01-24 02:23:00,18,5.593622427353452,1,17,0,3,78,0
USER_013,2026-02-01 19:00:00,2,5.852662525001204,2,10,0,4,93,0
USER_014,2026-02-23 09:00:00,8,3.711683735515477,1,0,1,1,20,1
USER_006,2026-01-02 23:43:00,16,6.753745235809696,1,14,0,4,71,0
USER_001,2026-01-02 01:34:00,18,4.172251231352423,0,16,0,5,97,0
USER_015,2026-01-12 01:38:00,2,8.905286603995291,2,16,0,3,82,0
USER_004,2026-03-23 00:44:00,12,4.916385066808301,2,15,0,4,99,0
USER_017,2026-02-09 22:42:00,14,3.329210758088259,2,13,0,3,75,0
USER_011,2026-03-12 23:48:00,18,3.8343795367174716,1,14,0,2,94,0
USER_019,2026-02-14 18:34:00,9,6.00889109025753,0,9,0,3,95,0
USER_008,2026-03-03 01:51:00,14,1.9850581521825894,0,16,0,4,50,0
USER_005,2026-03-22 01:34:00,1,9.078595739609007,2,16,0,5,89,0
USER_015,2026-01-15 09:00:00,77,167.24785932589978,0,17,0,15,189,1
USER_012,2026-03-16 18:35:00,5,4.35488845751964,0,9,0,3,51,0
USER_010,2026-01-31 02:52:00,19,3.2571465940550013,2,17,0,3,35,0
USER_008,2026-01-10 22:05:00,9,1.6267875422686324,2,13,0,2,99,0
USER_017,2026-03-01 00:15:00,7,5.8751067086581985,0,15,0,1,41,0
USER_010,2026-01-01 20:25:00,11,8.431972528546323,1,11,0,3,61,0
USER_001,2026-02-13 19:41:00,4,6.803679395619752,0,10,0,2,71,0
USER_016,2026-02-06 20:08:00,6,3.214342145142359,1,11,0,5,11,0
USER_015,2026-03-21 09:00:00,117,101.20015699422316,1,12,0,17,80,1
USER_011,2026-02-25 00:56:00,4,8.261568570788198,2,15,0,3,69,0
USER_018,2026-03-13 01:15:00,4,4.674228163874766,0,16,0,1,6,0
USER_010,2026-04-01 00:48:00,8,4.349386313477932,0,15,0,1,5,0
USER_016,2026-03-15 19:47:00,2,5.52670880967374,1,10,0,1,56,0
USER_010,2026-01-27 18:48:00,18,0.41983319409903885,1,9,0,1,83,0
USER_011,2026-01-27 19:12:00,14,7.002247367692835,2,10,0,5,38,0
USER_017,2026-02-05 20:25:00,8,7.526676919378231,0,11,0,1,72,0
USER_016,2026-03-18 19:34:00,1,6.35635392593011,2,10,0,2,96,0
USER_004,2026-01-22 19:49:00,18,5.378737639431452,2,10,0,1,31,0
USER_015,2026-03-31 09:00:00,4,0.11872623223960463,28,23,0,1,8,1
USER_011,2026-02-05 19:40:00,11,8.628766842493123,1,10,0,3,29,0
USER_012,2026-01-24 00:11:00,8,5.965943140895986,2,15,0,3,80,0
USER_020,2026-02-14 01:23:00,6,5.037823164440948,0,16,0,4,94,0
USER_005,2026-01-04 21:02:00,8,9.840966625540329,2,12,0,1,63,0
USER_012,2026-03-22 01:20:00,16,8.991399883889237,2,16,0,3,67,0
USER_020,2026-01-15 20:55:00,10,7.082135222050642,1,11,0,1,39,0
USER_007,2026-01-28 20:47:00,16,2.8373463069900238,2,11,0,5,81,0
USER_011,2026-01-24 02:45:00,10,0.38471941851195757,0,17,0,2,21,0
USER_020,2026-03-17 18:33:00,14,1.213936541996745,0,9,0,2,77,0
USER_012,2026-01-19 00:16:00,2,4.90449111830888,1,15,0,5,42,0
USER_020,2026-02-19 02:19:00,13,6.7454940093451885,0,17,0,5,10,0
USER_016,2026-01-17 18:41:00,6,6.051305309895884,0,9,0,2,37,0
USER_013,2026-01-02 23:18:00,14,3.939215637846098,0,14,0,5,120,0
USER_019,2026-02-13 19:17:00,3,5.707640118388371,2,10,0,4,59,0
USER_005,2026-01-11 23:07:00,2,2.5061782680043203,2,14,0,2,116,0
USER_009,2026-02-20 00:41:00,16,5.763030074005762,1,15,0,1,27,0
USER_019,2026-01-14 19:51:00,18,1.9509023727577248,1,10,0,2,63,0
USER_001,2026-03-04 23:08:00,7,8.170637812473233,2,14,0,5,88,0
USER_003,2026-03-27 18:03:00,1,4.182683001914367,2,9,0,2,13,0
USER_010,2026-03-29 21:52:00,3,6.5719836236356155,2,12,0,1,16,0
USER_015,2026-01-30 09:00:00,5,0.29773211053679016,31,19,1,1,3,1
USER_003,2026-03-25 22:23:00,9,0.9159632539842515,2,13,0,2,11,0
USER_020,2026-01-20 20:48:00,3,1.8537466765775688,2,11,0,4,64,0
USER_001,2026-02-10 20:56:00,14,9.615842253501656,1,11,0,4,100,0
USER_011,2026-02-22 20:44:00,16,2.953356174078412,1,11,0,5,9,0
USER_018,2026-02-25 18:53:00,19,4.8810264390056695,2,9,0,2,93,0
USER_011,2026-02-06 22:21:00,18,5.82154303858342,2,13,0,4,105,0
USER_018,2026-01-18 01:13:00,5,5.852203936572394,2,16,0,2,115,0
USER_015,2026-01-22 22:39:00,6,7.146940506246947,1,13,0,2,27,0
USER_012,2026-01-10 21:41:00,10,5.095931393361497,1,12,0,4,89,0
USER_017,2026-03-21 00:10:00,13,5.548424267530511,0,15,0,2,47,0
USER_001,2026-02-08 18:29:00,18,4.2988674943606755,1,9,0,2,36,0
USER_011,2026-01-08 20:01:00,5,5.907430833402974,0,11,0,1,113,0
USER_014,2026-03-30 22:51:00,16,6.954347475292049,0,13,0,2,86,0
USER_016,2026-03-02 02:06:00,16,7.640126796166141,1,17,0,2,52,0
USER_014,2026-01-24 22:49:00,5,7.681694060944746,2,13,0,4,52,0
USER_005,2026-01-12 22:23:00,6,9.477710733679716,0,13,0,1,96,0
USER_006,2026-01-19 01:04:00,15,0.4661395229777796,0,16,0,1,106,0
USER_016,2026-02-08 23:16:00,18,8.599169626247598,0,14,0,4,17,0
USER_013,2026-03-29 20:32:00,10,6.93387473644626,2,11,0,3,52,0
USER_007,2026-01-14 18:31:00,7,1.0776605078204697,2,9,0,4,89,0
USER_010,2026-01-31 22:06:00,2,3.989731924686738,2,13,0,4,24,0
USER_014,2026-03-13 20:31:00,2,9.72567332990249,2,11,0,4,105,0
USER_014,2026-03-12 00:13:00,6,4.801226988261801,0,15,0,5,54,0
USER_004,2026-03-22 20:41:00,2,3.1584355511310975,1,11,0,1,79,0
USER_016,2026-02-01 19:44:00,20,7.067308968489468,1,10,0,2,75,0
USER_015,2026-03-29 00:47:00,8,7.3697032120206165,2,15,0,2,71,0
USER_020,2026-01-04 00:15:00,7,0.766179938606004,2,15,0,1,62,0
USER_005,2026-02-24 19:41:00,19,2.6109639896966415,2,10,0,4,77,0
USER_019,2026-03-11 22:36:00,6,3.8289297384871954,1,13,0,3,80,0
USER_001,2026-01-13 02:59:00,8,1.7464799949787488,1,17,0,4,32,0
USER_016,2026-01-29 20:54:00,4,3.5661285427897926,2,11,0,3,19,0
USER_020,2026-03-26 01:43:00,16,2.928908976266074,0,16,0,1,60,0
USER_011,2026-02-03 02:48:00,16,9.668431845778402,2,17,0,4,63,0
USER_007,2026-02-10 21:01:00,9,9.199209621409068,2,12,0,5,78,0
USER_014,2026-01-26 23:47:00,11,2.3776260324705785,0,14,0,3,34,0
USER_008,2026-02-02 22:42:00,5,7.180840273864319,1,13,0,1,62,0
USER_009,2026-01-29 19:23:00,3,6.129385725958479,2,10,0,4,56,0
USER_010,2026-03-12 23:33:00,12,7.050750927273855,0,14,0,2,68,0
USER_016,2026-02-27 20:16:00,8,8.414642589635015,1,11,0,5,67,0
USER_002,2026-01-28 20:52:00,9,4.817740301086157,2,11,0,1,62,0
USER_019,2026-03-03 23:36:00,14,8.696624590108724,2,14,0,4,93,0
USER_005,2026-02-12 02:59:00,20,3.25344731441714,1,17,0,5,99,0
USER_020,2026-01-30 21:14:00,1,3.6566872118920584,2,12,0,4,22,0
USER_008,2026-01-19 21:55:00,20,2.6547223801711937,1,12,0,4,28,0
USER_010,2026-02-27 22:38:00,14,1.7497832434525453,1,13,0,3,62,0
USER_019,2026-01-25 02:49:00,5,4.382921036171551,0,17,0,1,71,0
USER_011,2026-03-18 18:14:00,1,8.968071337981705,1,9,0,1,108,0
USER_020,2026-01-27 02:49:00,7,3.0123594458644662,0,17,0,1,28,0
USER_001,2026-03-31 20:36:00,13,8.522493958796582,2,11,0,1,28,0
USER_010,2026-01-11 18:13:00,15,6.104606389466528,1,9,0,4,26,0
USER_020,2026-02-27 21:58:00,8,3.75941362135664,2,12,0,4,15,0
USER_009,2026-02-16 20:48:00,13,3.722779789923874,1,11,0,1,77,0
USER_016,2026-02-15 20:02:00,8,7.638576540556976,0,11,0,1,38,0
USER_005,2026-01-01 21:59:00,14,0.33671153416244337,2,12,0,3,86,0
USER_016,2026-01-05 00:24:00,11,6.721848844166879,1,15,0,2,112,0
USER_005,2026-02-06 02:02:00,2,5.578253771306222,2,17,0,2,86,0
USER_017,2026-01-11 18:54:00,6,0.7783611937675442,0,9,0,2,56,0
USER_006,2026-03-18 02:38:00,15,6.347370474146491,2,17,0,5,60,0
USER_002,2026-03-15 21:44:00,4,1.9887648454865807,1,12,0,3,58,0
USER_013,2026-03-06 18:23:00,8,3.9230445686414908,0,9,0,3,33,0
USER_009,2026-01-17 22:39:00,9,2.82464943671821,1,13,0,1,99,0
USER_004,2026-01-11 19:43:00,16,6.176887055229949,2,10,0,1,113,0
USER_006,2026-02-28 22:36:00,16,5.542289226926708,0,13,0,5,19,0
USER_016,2026-03-27 20:07:00,19,9.482794519944854,1,11,0,3,103,0
USER_019,2026-02-05 00:20:00,8,8.324237087016973,0,15,0,3,117,0
USER_003,2026-02-25 00:51:00,12,6.177291056103428,1,15,0,4,16,0
USER_016,2026-01-15 00:27:00,12,6.392292550404314,1,15,0,2,60,0
USER_012,2026-02-28 01:07:00,4,7.617267515683259,0,16,0,1,48,0
USER_008,2026-03-27 23:37:00,6,3.8460026706572616,2,14,0,3,21,0
USER_007,2026-03-16 19:31:00,11,3.6356697542170426,2,10,0,2,17,0
USER_020,2026-01-12 22:18:00,15,3.8759943873556044,2,13,0,1,65,0
USER_007,2026-03-21 22:55:00,15,8.31683647135593,2,13,0,3,101,0
USER_007,2026-01-24 20:53:00,13,2.9656853488332224,1,11,0,1,110,0
USER_004,2026-01-05 00:05:00,12,5.586776073435963,2,15,0,5,105,0
USER_013,2026-01-11 19:35:00,10,8.31110617610465,2,10,0,3,78,0
USER_010,2026-03-29 01:33:00,20,4.031810145723989,0,16,0,1,70,0
USER_009,2026-01-19 20:04:00,2,1.7426356132851744,1,11,0,5,100,0
USER_005,2026-01-20 18:51:00,19,9.49634385934451,0,9,0,2,20,0
USER_019,2026-01-23 18:21:00,3,1.2953803465630431,0,9,0,4,26,0
USER_014,2026-01-19 01:05:00,5,6.4582047058554135,1,16,0,4,119,0
USER_016,2026-01-05 00:24:00,14,1.810791397124813,0,15,0,2,40,0
USER_011,2026-02-18 18:36:00,13,3.291971550644432,0,9,0,4,17,0
USER_008,2026-01-18 21:30:00,5,4.6042888604296355,2,12,0,3,58,0
USER_010,2026-01-06 20:18:00,3,3.5289987895466037,1,11,0,3,100,0
USER_018,2026-03-22 23:13:00,7,2.1761556929294694,2,14,0,3,92,0
USER_010,2026-02-20 19:30:00,16,8.959287085714164,1,10,0,1,87,0
USER_012,2026-03-30 20:09:00,17,3.94578636616891,2,11,0,2,78,0
USER_002,2026-01-21 00:08:00,7,3.492431860797101,2,15,0,4,23,0
USER_003,2026-01-04 00:54:00,7,1.7131127703650197,1,15,0,3,87,0
USER_014,2026-01-29 02:39:00,4,9.134831306127152,2,17,0,3,18,0
USER_009,2026-02-23 19:21:00,17,2.7450093643623577,0,10,0,3,97,0
USER_012,2026-02-11 22:43:00,17,4.92618806861318,2,13,0,4,118,0
USER_007,2026-02-17 02:35:00,10,0.8279643224541341,2,17,0,4,102,0
USER_009,2026-01-10 23:36:00,12,1.282069203780631,2,14,0,1,27,0
USER_005,2026-01-25 22:06:00,5,1.9289903160882167,2,13,0,5,39,0
USER_020,2026-02-04 21:03:00,15,6.582102930972331,0,12,0,1,54,0
USER_009,2026-03-24 00:44:00,18,2.274190222305663,1,15,0,1,34,0
USER_002,2026-03-07 23:58:00,12,8.890981268960756,0,14,0,4,51,0
USER_017,2026-01-06 02:42:00,11,8.776288448173144,2,17,0,2,81,0
USER_006,2026-01-18 19:18:00,4,6.4052378245286326,2,10,0,4,39,0
USER_012,2026-03-10 18:27:00,12,0.7826716915444412,2,9,0,3,6,0
USER_013,2026-01-21 20:46:00,3,5.515757960261091,0,11,0,3,81,0
USER_005,2026-02-22 20:38:00,17,3.0592400360587004,2,11,0,5,115,0
USER_006,2026-01-10 02:33:00,5,4.548903577977115,1,17,0,5,51,0
USER_019,2026-01-06 23:52:00,1,0.904106263444362,2,14,0,5,38,0
USER_017,2026-01-31 21:26:00,16,9.615732102788696,0,12,0,3,16,0
USER_017,2026-02-16 19:04:00,17,5.486411403287531,2,10,0,5,7,0
USER_004,2026-02-12 00:35:00,3,7.945066301457356,2,15,0,4,56,0
USER_019,2026-02-02 20:00:00,11,4.716680248274833,0,11,0,1,24,0
USER_017,2026-03-02 20:54:00,16,8.707214782666403,0,11,0,4,46,0
USER_001,2026-01-24 19:31:00,17,3.9311750623887085,2,10,0,1,38,0
USER_020,2026-03-21 22:06:00,3,6.644697983867947,2,13,0,4,106,0
USER_006,2026-01-05 20:35:00,14,2.322701606793999,0,11,0,4,97,0
USER_005,2026-02-03 18:19:00,16,1.3293515508826697,2,9,0,3,58,0
USER_019,2026-02-24 23:36:00,13,7.1240397195324485,1,14,0,3,19,0
USER_003,2026-02-08 09:00:00,494,1195.1383331585562,0,16,0,16,1,1
USER_013,2026-01-19 22:39:00,20,6.840047345811474,1,13,0,1,55,0
USER_017,2026-02-16 01:49:00,19,9.996096893432327,0,16,0,1,36,0
USER_014,2026-03-20 00:58:00,8,2.808599211565501,1,15,0,3,62,0
USER_014,2026-04-01 02:08:00,5,4.861132769562543,0,17,0,4,55,0
USER_009,2026-02-24 22:57:00,13,8.53070311361716,1,13,0,3,32,0
USER_011,2026-03-03 19:11:00,16,8.274481919410366,2,10,0,5,109,0
USER_013,2026-02-05 19:29:00,12,1.7102755618452397,1,10,0,2,90,0
USER_015,2026-03-06 19:14:00,20,0.5293138653017999,2,10,0,5,43,0
USER_020,2026-02-21 00:37:00,4,3.5444539106238686,1,15,0,5,27,0
USER_007,2026-01-20 22:11:00,6,3.6860071477294016,2,13,0,1,89,0
USER_012,2026-03-08 00:51:00,6,9.532615023168118,0,15,0,5,91,0
USER_011,2026-02-17 00:06:00,3,0.15143270146329818,1,15,0,4,51,0
USER_004,2026-02-15 00:55:00,20,2.0696852953050446,2,15,0,5,27,0
USER_010,2026-03-25 01:12:00,6,5.589307169537086,1,16,0,2,43,0
USER_001,2026-02-08 01:12:00,3,0.3181625234392099,0,16,0,5,87,0
USER_008,2026-03-19 22:12:00,15,9.304167024039991,2,13,0,1,38,0
USER_016,2026-02-28 09:00:00,166,1952.0477097987161,0,17,0,18,1,1
USER_007,2026-01-01 22:07:00,1,4.7023677802984505,0,13,0,2,107,0
USER_001,2026-01-27 09:00:00,346,1472.9348325560336,0,12,0,16,5,1
USER_017,2026-01-14 19:43:00,15,3.5800125559584917,2,10,0,3,37,0
USER_013,2026-01-02 01:02:00,18,2.074201087158358,1,16,0,1,119,0
USER_016,2026-03-12 22:06:00,6,6.490960880410774,0,13,0,3,114,0
USER_004,2026-02-04 21:51:00,8,5.59786646946494,1,12,0,2,23,0
USER_007,2026-02-11 22:12:00,7,2.937017033538449,2,13,0,3,103,0
USER_008,2026-02-08 19:13:00,6,9.167318932299121,2,10,0,3,117,0
USER_019,2026-03-13 18:35:00,11,6.733131320849728,1,9,0,3,116,0
USER_015,2026-01-28 22:39:00,10,6.970408346303858,1,13,0,2,20,0
USER_003,2026-03-19 18:39:00,10,8.912097898368117,2,9,0,2,88,0
USER_014,2026-01-20 23:18:00,5,1.429346736631298,0,14,0,1,23,0
USER_016,2026-01-07 00:40:00,13,9.812290283260447,1,15,0,1,50,0
USER_003,2026-03-12 00:41:00,10,5.046873099997686,1,15,0,1,9,0
USER_010,2026-03-15 18:43:00,13,4.026878971014611,2,9,0,2,14,0
USER_012,2026-01-13 21:43:00,12,5.490212028673235,2,12,0,3,12,0
USER_007,2026-02-12 22:41:00,3,9.2300384346611,1,13,0,1,73,0
USER_001,2026-02-26 01:41:00,6,6.112444493983368,1,16,0,2,11,0
USER_001,2026-01-07 19:44:00,4,4.226078095277484,1,10,0,1,75,0
USER_006,2026-02-24 02:34:00,18,4.093828957604326,1,17,0,2,118,0
USER_009,2026-02-13 00:39:00,15,0.5288430782688323,2,15,0,1,73,0
USER_018,2026-04-02 01:27:00,18,0.19573002612256568,0,16,0,2,74,0
USER_016,2026-01-12 20:08:00,20,4.393743001457502,1,11,0,4,59,0
USER_015,2026-02-08 22:12:00,13,8.54802104073584,0,13,0,2,53,0
USER_014,2026-03-08 18:26:00,12,8.760760577246836,2,9,0,5,59,0
USER_012,2026-01-22 20:08:00,18,4.93433158041591,2,11,0,1,72,0
USER_004,2026-03-15 19:42:00,16,1.5765304774009845,0,10,0,5,14,0
USER_016,2026-01-28 18:21:00,14,3.1846091835102492,1,9,0,3,64,0
USER_001,2026-04-01 23:55:00,17,7.698534311070112,2,14,0,5,33,0
USER_019,2026-03-12 20:54:00,8,0.9560958897753935,2,11,0,4,115,0
USER_004,2026-01-12 19:54:00,20,1.3860818067341183,2,10,0,5,107,0
USER_001,2026-02-05 19:15:00,8,1.4814254923989247,0,10,0,5,16,0
USER_020,2026-03-07 18:25:00,5,8.539801276567788,0,9,0,3,120,0
USER_016,2026-01-10 21:08:00,19,2.33928952844812,2,12,0,4,6,0
USER_004,2026-01-13 20:33:00,5,2.485591439903731,2,11,0,5,37,0
USER_011,2026-03-01 19:56:00,2,1.1207180116602722,2,10,0,3,7,0
USER_013,2026-02-19 21:08:00,4,0.26397001000680476,2,12,0,5,92,0
USER_015,2026-02-17 21:37:00,16,9.978092451012666,0,12,0,5,102,0
USER_006,2026-01-04 02:40:00,17,8.640827086916085,2,17,0,4,32,0
USER_013,2026-02-08 09:00:00,1,0.21258054093720424,10,6,0,1,1,1
USER_007,2026-02-12 20:53:00,11,9.230569675993042,1,11,0,4,107,0
USER_017,2026-01-15 21:22:00,14,1.1978087447892125,2,12,0,5,67,0
USER_011,2026-03-28 19:54:00,18,3.8620930354742855,1,10,0,4,116,0
USER_018,2026-03-20 21:47:00,17,2.5378338210204197,0,12,0,3,104,0
USER_005,2026-01-28 21:46:00,1,5.937959064512492,0,12,0,1,51,0
USER_005,2026-02-03 00:30:00,8,9.109845031087302,0,15,0,3,81,0
USER_007,2026-02-23 22:11:00,14,7.945388993209855,0,13,0,3,38,0
USER_012,2026-02-25 02:47:00,18,3.374833842239709,2,17,0,4,39,0
USER_016,2026-03-07 09:00:00,174,84.78586790817639,0,17,0,15,168,1
USER_007,2026-02-15 02:22:00,5,2.439061604572571,0,17,0,3,30,0
USER_014,2026-03-30 01:31:00,14,7.130409491173392,1,16,0,4,26,0
USER_017,2026-03-06 02:56:00,5,8.525491411922166,1,17,0,3,29,0
USER_002,2026-03-09 00:19:00,19,7.2771451280575725,1,15,0,5,73,0
USER_006,2026-03-22 18:28:00,5,0.13045045783037118,0,9,0,3,45,0
USER_019,2026-02-18 18:30:00,1,9.43314240859756,1,9,0,4,114,0
USER_004,2026-01-23 23:34:00,13,5.335541141485692,2,14,0,2,111,0
USER_015,2026-02-02 22:42:00,1,8.999194463833177,1,13,0,3,91,0
USER_016,2026-02-01 02:54:00,8,3.0772905460719633,2,17,0,2,108,0
USER_014,2026-01-31 21:36:00,5,4.322003470423207,1,12,0,5,47,0
USER_011,2026-01-05 00:40:00,9,7.857126575906575,1,15,0,4,34,0
USER_015,2026-03-31 19:19:00,14,1.2550917735978393,0,10,0,1,43,0
USER_006,2026-01-24 09:00:00,150,56.7888074554025,3,13,0,20,210,1
USER_004,2026-01-21 19:15:00,17,7.16428301781177,2,10,0,2,113,0
USER_003,2026-01-02 00:26:00,9,4.203688737984305,2,15,0,4,95,0
USER_019,2026-03-29 18:49:00,2,9.115107841815234,2,9,0,4,111,0
USER_017,2026-01-12 02:18:00,15,4.429819637417144,1,17,0,3,24,0
USER_015,2026-02-01 23:27:00,13,7.784525719389915,2,14,0,4,97,0
USER_002,2026-02-07 00:38:00,10,3.581297238362175,2,15,0,5,32,0
USER_009,2026-03-01 20:15:00,3,4.486994376029224,2,11,0,1,11,0
USER_018,2026-03-13 20:26:00,4,7.68620585815892,2,11,0,3,91,0
USER_013,2026-03-25 02:50:00,11,8.15052935976653,2,17,0,5,16,0
USER_008,2026-02-09 20:08:00,7,1.3891606987490106,0,11,0,4,93,0
USER_009,2026-02-25 01:44:00,11,2.6476322941740134,0,16,0,3,104,0
USER_012,2026-03-14 18:36:00,5,5.674778019553782,0,9,0,4,74,0
USER_005,2026-01-04 23:05:00,15,8.323922333168207,2,14,0,4,63,0
USER_003,2026-03-09 18:13:00,13,4.256341688268581,1,9,0,2,52,0
USER_013,2026-02-19 18:26:00,11,9.661748814329755,0,9,0,1,100,0
USER_010,2026-02-14 01:51:00,4,4.736480749641683,0,16,0,2,101,0
USER_010,2026-01-07 02:14:00,13,9.846012017379083,0,17,0,1,31,0
USER_003,2026-01-06 21:42:00,8,7.75337657380805,0,12,0,2,115,0
USER_001,2026-02-19 21:44:00,16,1.2999161378719983,2,12,0,3,47,0
USER_005,2026-04-01 23:41:00,6,5.088545046528171,2,14,0,3,95,0
USER_012,2026-02-23 19:38:00,18,7.404076653979767,1,10,0,1,102,0
USER_010,2026-01-22 01:45:00,15,8.59342890118636,2,16,0,5,8,0
USER_003,2026-03-24 18:27:00,5,8.681828420391787,0,9,0,1,38,0
USER_002,2026-03-25 20:22:00,2,1.539206720537766,0,11,0,5,112,0
USER_014,2026-01-14 20:16:00,20,2.03962252480298,0,11,0,4,32,0
USER_003,2026-03-07 02:41:00,6,5.958903608634391,2,17,0,2,26,0
USER_004,2026-01-14 01:15:00,18,1.4430740821927317,1,16,0,3,90,0
USER_014,2026-01-06 18:02:00,16,7.361415387758636,2,9,0,1,59,0
USER_011,2026-03-24 20:04:00,15,4.711748676248482,2,11,0,3,21,0
USER_020,2026-01-25 00:34:00,10,3.279993139324481,0,15,0,3,89,0
USER_012,2026-03-11 18:21:00,6,8.320798201959667,2,9,0,4,94,0
USER_013,2026-03-26 23:08:00,3,7.32590767282136,2,14,0,5,116,0
USER_006,2026-01-11 02:28:00,12,9.877751782662866,1,17,0,4,93,0
USER_016,2026-03-19 09:00:00,83,164.2926847247656,3,16,0,25,174,1
USER_006,2026-03-27 21:22:00,1,0.9987151990906449,2,12,0,3,79,0
USER_007,2026-03-06 20:29:00,18,9.270864732961691,0,11,0,1,36,0
USER_003,2026-01-03 22:04:00,7,9.034711211139486,1,13,0,2,16,0
USER_003,2026-02-10 02:29:00,15,0.47231173115381153,1,17,0,3,14,0
USER_011,2026-01-27 21:43:00,9,5.103549675170073,1,12,0,1,16,0
USER_006,2026-04-02 00:38:00,19,6.3317598296562325,2,15,0,4,83,0
USER_006,2026-03-02 18:33:00,15,9.169120600474999,0,9,0,5,60,0
USER_013,2026-03-20 19:18:00,15,6.353950685786343,0,10,0,2,86,0
USER_007,2026-02-23 20:42:00,13,6.805447658200056,0,11,0,5,77,0
USER_017,2026-01-31 20:57:00,2,8.073755244071945,2,11,0,4,89,0
USER_007,2026-03-15 18:43:00,11,8.015399801509423,1,9,0,1,24,0
USER_003,2026-03-30 01:40:00,18,8.001172582345617,1,16,0,5,11,0
USER_005,2026-02-08 21:47:00,15,7.762905911919853,1,12,0,3,98,0
USER_016,2026-02-25 20:08:00,10,7.185659577339118,1,11,0,1,77,0
USER_016,2026-01-02 02:21:00,20,2.094497395186197,0,17,0,3,96,0
USER_008,2026-02-06 02:42:00,16,2.2209443929673425,0,17,0,5,78,0
USER_011,2026-02-12 21:23:00,10,2.262608329266696,2,12,0,5,65,0
USER_013,2026-01-20 23:53:00,18,8.931412628137595,2,14,0,1,6,0
USER_011,2026-03-11 09:00:00,61,193.71192381208073,3,13,0,25,82,1
USER_016,2026-01-26 02:36:00,6,5.481843388392629,1,17,0,4,40,0
USER_004,2026-01-27 10:00:00,6,0.8694594820507722,1,1,1,3,19,1
USER_010,2026-02-01 20:33:00,14,3.025268175665314,0,11,0,5,14,0
USER_006,2026-02-20 23:20:00,10,7.375256217867745,2,14,0,4,78,0
USER_006,2026-03-16 22:16:00,2,1.17318521742564,1,13,0,3,98,0
USER_011,2026-01-16 18:55:00,14,6.970906911108896,1,9,0,1,34,0
USER_005,2026-02-12 21:15:00,18,1.2242210203817492,1,12,0,5,116,0
USER_019,2026-01-17 23:13:00,2,8.035423832923739,1,14,0,3,107,0
USER_014,2026-03-23 23:27:00,11,6.123292365544686,2,14,0,5,32,0
USER_017,2026-02-13 18:29:00,8,6.511345111532075,2,9,0,2,68,0
USER_016,2026-02-10 21:30:00,12,5.648827143338573,2,12,0,3,41,0
USER_010,2026-02-13 02:31:00,13,7.469468126105904,0,17,0,3,92,0
USER_019,2026-02-01 22:10:00,3,3.18263784104066,1,13,0,5,61,0
USER_009,2026-03-22 02:40:00,18,8.219201773926613,0,17,0,1,28,0
USER_015,2026-02-24 00:10:00,14,4.981511735391091,1,15,0,3,74,0
USER_003,2026-02-09 22:05:00,17,9.217156101850085,0,13,0,5,46,0
USER_014,2026-02-11 00:01:00,13,6.7656574500443565,2,15,0,1,87,0
USER_003,2026-02-20 23:55:00,2,4.41857399557189,1,14,0,1,115,0
USER_016,2026-01-03 23:07:00,12,8.799346590449524,1,14,0,2,12,0
USER_012,2026-02-25 22:18:00,9,6.1680225492487315,1,13,0,5,45,0
USER_002,2026-01-26 18:17:00,6,9.836970696877643,2,9,0,3,23,0
USER_009,2026-03-11 02:52:00,19,2.576400767806913,1,17,0,4,77,0
USER_009,2026-01-23 02:46:00,11,9.231284253964978,2,17,0,5,13,0
USER_004,2026-03-26 00:48:00,8,3.047318457518647,0,15,0,4,38,0
USER_017,2026-03-25 20:17:00,20,8.101172266186884,2,11,0,4,64,0
USER_019,2026-01-26 00:45:00,13,4.994333973203325,0,15,0,2,88,0
USER_019,2026-03-29 01:28:00,6,6.152099267091845,1,16,0,5,8,0
USER_006,2026-01-06 00:53:00,13,7.900810235770796,0,15,0,3,117,0
USER_007,2026-03-16 19:31:00,3,8.99900458196339,1,10,0,1,63,0
USER_014,2026-01-25 00:31:00,18,6.964985972640617,2,15,0,2,76,0
USER_015,2026-03-17 21:27:00,13,0.14405542892875156,0,12,0,2,40,0
USER_003,2026-02-01 01:38:00,4,7.7545897549853,1,16,0,3,111,0
USER_008,2026-01-01 23:16:00,13,2.431660402735186,1,14,0,3,43,0
USER_003,2026-02-26 23:55:00,4,7.778753333819658,0,14,0,2,108,0
USER_002,2026-02-15 18:41:00,5,7.043148586227729,0,9,0,2,67,0
USER_006,2026-03-29 22:59:00,7,5.040093469600462,0,13,0,2,99,0
USER_014,2026-03-18 21:09:00,19,8.222486483291924,0,12,0,5,89,0
USER_006,2026-01-26 01:57:00,9,8.190782167595746,0,16,0,1,103,0
USER_004,2026-03-21 09:00:00,108,68.10320492310238,1,16,0,19,147,1
USER_018,2026-02-22 23:48:00,19,2.3523763103832223,0,14,0,4,109,0
USER_002,2026-01-08 21:50:00,13,5.115444982321777,2,12,0,5,103,0
USER_010,2026-03-18 18:01:00,17,1.4373485225050064,1,9,0,1,43,0
USER_013,2026-03-20 23:47:00,19,5.9786774337886115,2,14,0,1,71,0
USER_015,2026-03-04 23:20:00,19,0.12448354290564896,2,14,0,1,98,0
USER_008,2026-03-08 18:26:00,12,4.638734482587071,2,9,0,1,79,0
USER_011,2026-01-29 00:29:00,11,3.4412554259313195,1,15,0,3,101,0
USER_007,2026-01-21 18:17:00,5,0.3885044891992857,1,9,0,5,27,0
USER_013,2026-03-23 18:16:00,18,6.269034295387646,2,9,0,1,89,0
USER_001,2026-01-13 00:52:00,5,4.769519734874603,2,15,0,4,16,0
USER_004,2026-01-05 01:40:00,20,8.01320595941726,2,16,0,2,44,0
USER_015,2026-02-09 21:29:00,9,8.539573638045372,0,12,0,2,108,0
USER_013,2026-03-30 21:15:00,10,6.673204213808479,1,12,0,4,75,0
USER_003,2026-03-12 18:38:00,13,1.016255007302009,1,9,0,2,35,0
USER_004,2026-02-13 22:10:00,1,5.430326446358536,0,13,0,4,89,0
USER_012,2026-01-24 22:13:00,18,7.100630373831256,2,13,0,3,49,0
USER_017,2026-01-17 02:16:00,16,6.421348119216035,0,17,0,3,118,0
USER_013,2026-03-25 01:29:00,5,2.7223136483307195,0,16,0,5,73,0
USER_019,2026-03-24 00:48:00,3,3.1706779846317406,1,15,0,2,12,0
USER_018,2026-03-03 02:41:00,5,3.7216044380197943,0,17,0,5,98,0
USER_009,2026-01-07 00:00:00,11,7.734080307894308,2,15,0,3,25,0
USER_001,2026-03-20 02:59:00,9,0.3866364925065564,1,17,0,3,48,0
USER_006,2026-02-27 19:29:00,11,4.124474263901216,2,10,0,3,103,0
USER_007,2026-02-04 01:44:00,6,0.5928513494897304,2,16,0,4,81,0
USER_018,2026-03-04 00:03:00,3,2.8697822756458167,0,15,0,4,30,0
USER_017,2026-01-16 20:24:00,2,4.342227362567269,2,11,0,3,21,0
USER_016,2026-01-03 18:03:00,3,3.207657264589052,1,9,0,1,120,0
USER_012,2026-03-25 09:00:00,153,166.31005018647284,2,10,0,15,197,1
USER_017,2026-03-17 18:03:00,16,1.2773299581888322,1,9,0,1,13,0
USER_007,2026-01-15 18:15:00,14,3.3126835275379585,0,9,0,3,79,0
USER_020,2026-03-02 18:16:00,19,5.81858051905541,2,9,0,1,79,0
USER_012,2026-02-02 19:15:00,16,5.978683340586878,0,10,0,4,18,0
USER_018,2026-02-04 19:49:00,11,1.2043665185991768,1,10,0,2,63,0
USER_004,2026-01-30 19:34:00,13,1.9756580897560898,2,10,0,2,77,0
USER_011,2026-02-20 02:48:00,5,7.925931043818084,2,17,0,1,69,0
USER_003,2026-01-10 18:36:00,9,7.794647936629,0,9,0,4,24,0
USER_012,2026-03-20 18:27:00,9,6.430746173875555,0,9,0,1,90,0
USER_004,2026-02-02 00:27:00,19,4.064453181529262,0,15,0,4,116,0
USER_010,2026-03-18 01:27:00,10,5.729431759179908,0,16,0,5,99,0
USER_003,2026-02-28 21:28:00,19,4.536175998087201,1,12,0,4,45,0
USER_008,2026-01-09 21:21:00,1,5.92425631272661,0,12,0,5,33,0
USER_009,2026-03-27 19:55:00,16,5.324378694315048,2,10,0,3,81,0
USER_006,2026-01-25 20:14:00,2,4.1450326857636455,0,11,0,3,57,0
USER_018,2026-03-30 01:34:00,19,4.751201957550045,2,16,0,2,69,0
USER_006,2026-01-15 22:23:00,2,7.800124875461862,0,13,0,4,69,0
USER_006,2026-03-30 02:49:00,18,0.3664694758858199,2,17,0,4,95,0
USER_009,2026-03-10 21:52:00,2,7.664092264803359,0,12,0,5,113,0
USER_016,2026-02-18 21:22:00,19,8.065748285053678,2,12,0,5,17,0
USER_017,2026-01-29 20:53:00,7,7.971556706583959,2,11,0,5,93,0
USER_005,2026-02-26 02:05:00,8,8.185362232969455,1,17,0,1,58,0
USER_015,2026-02-19 18:45:00,17,1.2467762719145985,1,9,0,1,92,0
USER_004,2026-01-25 22:18:00,8,3.672722584578926,1,13,0,1,95,0
USER_013,2026-01-18 23:54:00,4,7.5033605312908875,1,14,0,2,17,0
USER_014,2026-02-13 00:34:00,15,4.216164917621244,0,15,0,4,54,0
USER_009,2026-03-18 00:03:00,16,5.3813527063249,2,15,0,1,45,0
USER_017,2026-01-27 02:36:00,18,1.5835385756859017,1,17,0,5,61,0
USER_003,2026-01-12 01:25:00,6,2.954889608075763,0,16,0,1,26,0
USER_006,2026-03-04 22:02:00,3,0.6560629703325868,2,13,0,2,7,0
USER_008,2026-03-17 23:20:00,1,1.8250373939211544,0,14,0,2,99,0
USER_009,2026-01-12 00:30:00,1,7.5153401847202215,0,15,0,3,33,0
USER_020,2026-01-25 00:29:00,17,4.298834377268666,1,15,0,4,50,0
USER_002,2026-01-07 01:41:00,11,1.1219276276751522,2,16,0,3,111,0
USER_003,2026-01-06 01:18:00,1,3.25529738877091,0,16,0,1,48,0
USER_003,2026-03-06 23:41:00,6,0.4875070493866708,2,14,0,4,61,0
USER_002,2026-01-12 22:41:00,19,2.3989799722880685,2,13,0,1,27,0
USER_010,2026-01-22 20:10:00,11,9.353904582726866,0,11,0,3,71,0
USER_003,2026-01-29 23:22:00,8,7.4676783004938,1,14,0,4,105,0
USER_019,2026-01-06 19:44:00,3,3.641231373605674,2,10,0,1,42,0
USER_018,2026-01-20 01:24:00,7,9.226494684322462,2,16,0,2,115,0
USER_019,2026-03-09 21:14:00,9,2.0375851670148344,0,12,0,5,113,0
USER_013,2026-03-01 00:17:00,13,6.9300340683881085,1,15,0,4,88,0
USER_014,2026-02-03 02:12:00,1,7.120573488340468,0,17,0,5,71,0
USER_016,2026-03-01 23:55:00,18,9.355089959479143,2,14,0,4,22,0
USER_002,2026-03-22 02:04:00,8,6.348494066860941,1,17,0,2,100,0
USER_016,2026-02-07 20:32:00,9,4.213354395059995,1,11,0,4,36,0
USER_017,2026-02-21 01:40:00,4,6.843626168389436,0,16,0,3,67,0
USER_017,2026-02-13 09:00:00,2,0.12107956800685896,44,18,1,1,4,1
USER_013,2026-03-12 22:53:00,1,3.1083619977567025,0,13,0,4,105,0
USER_005,2026-02-21 02:26:00,11,4.5637699629860355,0,17,0,4,80,0
USER_006,2026-02-11 00:47:00,16,7.660386595170959,0,15,0,5,114,0
USER_020,2026-03-22 23:27:00,6,6.199896877843336,0,14,0,2,108,0
USER_020,2026-03-17 19:15:00,8,0.6025777565788939,2,10,0,2,86,0
USER_020,2026-01-21 00:59:00,8,8.659596392577644,0,15,0,4,8,0
USER_012,2026-02-09 20:21:00,15,7.8642729755341,2,11,0,4,49,0
USER_007,2026-01-30 01:08:00,5,0.8639343345786755,0,16,0,5,103,0
USER_008,2026-02-06 18:45:00,10,7.0595768251278,1,9,0,1,92,0
USER_018,2026-03-13 02:44:00,4,4.231727948478343,0,17,0,1,109,0
USER_017,2026-03-23 01:31:00,16,8.099005563416194,2,16,0,2,95,0
USER_005,2026-02-10 18:29:00,5,3.6381161057707487,0,9,0,3,51,0
USER_007,2026-02-02 01:17:00,18,3.0551416957839104,1,16,0,3,95,0
USER_009,2026-01-27 18:15:00,3,3.569763502783429,0,9,0,1,11,0
USER_009,2026-03-02 02:33:00,3,5.281232265458726,2,17,0,1,36,0
USER_007,2026-03-04 02:13:00,11,3.101561453748461,0,17,0,2,29,0
USER_015,2026-02-07 21:53:00,3,8.20775912324414,1,12,0,4,22,0
USER_016,2026-03-23 21:54:00,3,8.41976683823995,2,12,0,2,41,0
USER_001,2026-01-28 20:32:00,15,3.7946868575994377,2,11,0,5,66,0
USER_009,2026-01-26 00:07:00,15,1.0075668957934565,0,15,0,5,7,0
USER_003,2026-03-02 20:50:00,9,3.451756217109174,2,11,0,4,88,0
USER_005,2026-02-28 23:46:00,7,6.357009057328423,1,14,0,2,47,0
USER_005,2026-01-27 19:19:00,16,9.884986036185216,2,10,0,3,13,0
USER_013,2026-03-29 02:53:00,18,3.37838369532263,0,17,0,1,117,0
USER_006,2026-01-25 00:40:00,14,4.0162655434683225,2,15,0,5,118,0
USER_017,2026-01-14 18:32:00,14,4.188892104740405,1,9,0,5,109,0
USER_015,2026-02-17 19:43:00,9,5.8871449073564435,2,10,0,3,18,0
USER_012,2026-01-09 02:32:00,6,0.7496079793581261,2,17,0,5,56,0
USER_017,2026-02-04 02:10:00,12,1.356613014063136,1,17,0,1,103,0
USER_011,2026-01-08 22:01:00,19,0.54667267552883,1,13,0,3,108,0
USER_014,2026-03-25 01:50:00,11,5.701980616715246,0,16,0,5,10,0
USER_019,2026-01-11 21:05:00,16,8.178630208858877,2,12,0,2,21,0
USER_012,2026-01-21 23:54:00,17,7.829941147660356,2,14,0,2,69,0
USER_019,2026-03-02 21:53:00,15,2.863791695561917,2,12,0,4,99,0
USER_012,2026-01-08 00:18:00,10,5.343162065934915,0,15,0,5,29,0
USER_018,2026-02-28 19:00:00,12,2.0866444191842626,2,10,0,3,99,0
USER_010,2026-02-25 02:51:00,1,5.275026863471103,0,17,0,4,23,0
USER_003,2026-01-30 02:27:00,10,7.885046155033944,0,17,0,2,48,0
USER_012,2026-02-06 21:10:00,15,8.354075050934089,2,12,0,3,83,0
USER_006,2026-01-18 00:24:00,18,7.06634550748837,2,15,0,5,111,0
USER_008,2026-01-22 00:52:00,11,9.344140198969107,2,15,0,3,29,0
USER_012,2026-03-07 19:46:00,19,0.27369629717076316,1,10,0,2,79,0
USER_007,2026-01-27 21:04:00,6,9.278321741160159,1,12,0,5,67,0
USER_017,2026-01-26 18:23:00,15,1.562662519363329,0,9,0,3,113,0
USER_018,2026-01-04 02:48:00,2,9.90804449886846,0,17,0,4,62,0
USER_017,2026-01-16 00:47:00,3,4.8148350576901775,1,15,0,5,80,0
USER_012,2026-03-18 01:33:00,15,4.198491702649364,0,16,0,1,21,0
USER_013,2026-02-02 18:52:00,1,7.483464380034975,2,9,0,1,10,0
USER_011,2026-02-16 19:39:00,9,1.9528091753332137,1,10,0,2,39,0
USER_018,2026-01-10 00:18:00,16,1.4320033118727054,2,15,0,3,47,0
USER_019,2026-01-20 22:36:00,19,3.7084850132184295,1,13,0,4,26,0
USER_005,2026-03-18 19:59:00,5,8.39238077409482,1,10,0,4,35,0
USER_020,2026-01-27 02:09:00,12,7.648856920743998,2,17,0,5,5,0
USER_014,2026-01-13 19:48:00,4,4.492417661450887,2,10,0,3,120,0
USER_018,2026-03-14 22:42:00,2,1.875609581878684,1,13,0,1,31,0
USER_019,2026-02-13 22:32:00,17,5.370164315771175,2,13,0,5,43,0
USER_009,2026-02-23 02:59:00,18,5.8058882961645955,0,17,0,1,77,0
USER_014,2026-03-06 09:00:00,1,0.7587875489439901,33,8,1,1,2,1
USER_020,2026-01-07 23:50:00,11,0.7525273573692028,0,14,0,5,91,0
USER_001,2026-03-13 02:26:00,3,2.3245365286122683,0,17,0,4,20,0
USER_011,2026-03-13 21:50:00,12,8.0747012282072,1,12,0,2,7,0
USER_010,2026-03-19 02:03:00,6,6.438884013848356,1,17,0,1,30,0
USER_011,2026-01-29 22:21:00,6,0.8561558369829094,2,13,0,1,72,0
USER_002,2026-03-14 01:26:00,14,5.617138906172803,0,16,0,4,36,0
USER_010,2026-01-13 18:29:00,20,1.7898249400406057,2,9,0,1,109,0
USER_001,2026-03-03 20:22:00,10,6.941401965092337,0,11,0,4,118,0
USER_005,2026-02-27 20:34:00,10,3.960828336284789,2,11,0,4,30,0
USER_020,2026-03-26 22:44:00,20,5.765597625034638,2,13,0,2,63,0
USER_011,2026-01-09 20:35:00,18,9.491155485231138,0,11,0,2,45,0
USER_017,2026-03-08 23:44:00,20,1.0428971706717778,2,14,0,2,66,0
USER_002,2026-02-06 00:55:00,5,7.044122621224672,0,15,0,2,23,0
USER_012,2026-01-27 18:43:00,8,6.702640765291876,1,9,0,5,118,0
USER_009,2026-01-22 20:32:00,16,9.310236717446518,1,11,0,2,16,0
USER_003,2026-01-12 01:20:00,20,1.5685048740376093,0,16,0,3,84,0
USER_006,2026-01-28 01:36:00,12,0.6378252868233977,1,16,0,1,11,0
USER_003,2026-02-04 18:28:00,14,4.9080508784208625,1,9,0,4,39,0
USER_009,2026-03-06 18:48:00,6,5.12604857858282,0,9,0,3,112,0
USER_020,2026-02-05 01:56:00,3,3.7889593174170435,1,16,0,2,19,0
USER_016,2026-01-29 18:12:00,15,3.561618402014595,0,9,0,2,8,0
USER_010,2026-02-03 00:46:00,20,8.745468654399335,1,15,0,1,79,0
USER_001,2026-01-13 22:50:00,4,9.20897090105519,0,13,0,5,120,0
USER_016,2026-03-04 20:07:00,14,4.46281001459901,0,11,0,3,88,0
USER_016,2026-03-12 01:51:00,1,6.1190409171488795,1,16,0,2,32,0
USER_002,2026-01-12 23:49:00,10,3.2959363233211434,1,14,0,1,102,0
USER_018,2026-03-24 23:38:00,20,2.8985010903694604,2,14,0,1,66,0
USER_017,2026-02-27 19:33:00,12,0.8732169492596579,2,10,0,1,12,0
USER_008,2026-03-22 00:15:00,18,1.6743008668834571,1,15,0,4,13,0
USER_017,2026-04-02 00:06:00,11,4.898155303158239,2,15,0,5,16,0
USER_020,2026-01-20 18:43:00,15,9.493352939729009,1,9,0,4,102,0
USER_014,2026-03-02 00:55:00,2,6.766309018203685,2,15,0,1,12,0
USER_006,2026-01-04 20:31:00,17,1.249044346075572,0,11,0,4,80,0
USER_012,2026-01-11 02:23:00,13,5.901564965398747,1,17,0,3,46,0
USER_004,2026-01-20 09:00:00,143,100.19112879689123,1,10,0,18,172,1
USER_019,2026-01-04 19:50:00,8,2.991690104631196,1,10,0,2,73,0
USER_003,2026-02-27 20:11:00,15,9.972897799828113,2,11,0,3,90,0
USER_018,2026-01-28 19:32:00,9,1.4113200466280265,1,10,0,1,117,0
USER_001,2026-03-24 01:32:00,13,7.363211640244644,0,16,0,5,114,0
USER_004,2026-02-28 08:00:00,5,2.904932873030064,0,23,1,2,15,1
USER_013,2026-02-28 00:04:00,3,4.0882226556880275,2,15,0,3,93,0
USER_020,2026-03-25 00:05:00,7,4.472994320785745,1,15,0,4,102,0
USER_019,2026-03-14 09:00:00,465,1841.5083468430423,0,17,0,19,2,1
USER_008,2026-02-02 21:51:00,10,1.0098607007251892,1,12,0,5,32,0
USER_004,2026-01-19 19:25:00,13,6.980867448795709,0,10,0,2,13,0
USER_016,2026-03-06 18:09:00,7,3.4671474519670307,1,9,0,5,44,0
USER_002,2026-01-02 02:45:00,18,8.225457508035694,1,17,0,1,115,0
USER_017,2026-02-17 00:01:00,12,3.1577740936324212,0,15,0,3,103,0
USER_016,2026-03-05 22:14:00,5,0.3942628315543645,2,13,0,1,111,0
USER_011,2026-02-18 18:06:00,14,3.5169159726817956,1,9,0,4,49,0
USER_004,2026-03-27 00:33:00,9,6.265697990326434,2,15,0,2,58,0
USER_010,2026-02-06 09:00:00,5,0.7051904218343968,34,16,0,1,2,1
USER_004,2026-03-18 20:48:00,6,5.482752118958591,1,11,0,3,39,0
USER_008,2026-01-06 23:42:00,7,5.22706377496189,1,14,0,4,65,0
USER_014,2026-02-13 21:52:00,15,4.047428824143838,2,12,0,1,45,0
USER_014,2026-01-15 01:10:00,6,5.544658119048297,2,16,0,3,89,0
USER_003,2026-01-12 19:27:00,4,7.471430794999602,1,10,0,2,76,0
USER_012,2026-01-14 22:01:00,10,8.687363384259363,2,13,0,4,34,0
USER_003,2026-03-06 00:56:00,8,3.7786774111827657,1,15,0,2,72,0
USER_005,2026-03-11 20:16:00,6,1.1882708441054122,0,11,0,2,6,0
USER_009,2026-03-31 20:15:00,16,1.890010989560059,2,11,0,1,48,0
USER_001,2026-02-13 22:24:00,18,8.43981717186494,2,13,0,5,54,0
USER_013,2026-02-19 18:21:00,2,2.656562197659137,1,9,0,2,61,0
USER_003,2026-02-11 01:16:00,11,1.247623854166483,1,16,0,5,110,0
USER_019,2026-01-18 19:33:00,12,4.0405370549292545,2,10,0,3,36,0
USER_012,2026-02-09 23:28:00,18,0.967226445938512,2,14,0,4,99,0
USER_009,2026-03-22 21:37:00,7,4.308875764431695,2,12,0,2,87,0
USER_008,2026-01-17 18:12:00,13,3.785173463778377,2,9,0,1,79,0
USER_017,2026-01-08 00:43:00,10,2.6756512479401167,0,15,0,1,56,0
USER_006,2026-02-10 23:35:00,1,6.760738411425903,0,14,0,1,57,0
USER_014,2026-01-03 20:15:00,2,1.366062637996051,2,11,0,2,22,0
USER_018,2026-01-09 09:00:00,3,0.9035894765218365,36,15,0,1,8,1
USER_017,2026-03-26 19:04:00,2,8.368414243193085,0,10,0,2,116,0
USER_019,2026-03-16 22:42:00,16,8.666079887532401,1,13,0,5,66,0
USER_014,2026-01-01 18:33:00,18,6.899885754453814,2,9,0,2,51,0
USER_008,2026-02-12 21:49:00,5,7.907573167348334,2,12,0,1,40,0
USER_001,2026-01-07 02:54:00,1,2.5210593585313643,1,17,0,3,54,0
USER_016,2026-02-08 09:00:00,110,81.41494120303226,0,9,0,20,285,1
USER_005,2026-03-12 21:46:00,20,5.32493790827857,0,12,0,3,35,0
USER_013,2026-02-26 21:15:00,2,2.0718807754089146,2,12,0,1,71,0
USER_018,2026-01-01 20:46:00,4,9.24989776103759,2,11,0,4,51,0
USER_017,2026-02-25 23:09:00,9,1.256736356030174,0,14,0,2,68,0
USER_003,2026-03-19 22:40:00,6,5.387984782594109,0,13,0,2,64,0
USER_014,2026-03-16 23:21:00,11,4.912869076983904,2,14,0,5,112,0
USER_015,2026-02-10 22:59:00,3,0.19222302315403933,2,13,0,5,17,0
USER_004,2026-01-04 21:13:00,6,6.418087524838249,0,12,0,4,113,0
USER_010,2026-03-25 22:47:00,18,8.107205626080468,1,13,0,2,114,0
USER_002,2026-01-05 18:08:00,11,8.0592619664227,2,9,0,4,24,0
USER_002,2026-02-04 21:24:00,20,6.068928245391851,0,12,0,2,107,0
USER_015,2026-03-28 20:06:00,6,8.363947323059596,1,11,0,4,32,0
USER_005,2026-03-28 23:46:00,11,8.79106971212882,1,14,0,4,50,0
USER_016,2026-03-12 00:02:00,17,3.5381607204511574,2,15,0,2,63,0
USER_004,2026-01-28 02:34:00,12,5.538720003910367,1,17,0,2,95,0
USER_004,2026-02-08 20:31:00,14,7.385303915164593,1,11,0,5,21,0
USER_011,2026-01-24 00:29:00,18,3.489037475050277,1,15,0,3,83,0
USER_003,2026-03-12 19:18:00,18,9.158588842086724,1,10,0,3,109,0
USER_005,2026-03-26 22:33:00,8,4.194246043823356,1,13,0,1,76,0
USER_008,2026-02-07 20:16:00,11,9.267815322638203,1,11,0,3,45,0
USER_011,2026-02-01 18:08:00,19,2.1315351939144764,2,9,0,2,80,0
USER_006,2026-02-14 00:14:00,10,6.075996230186539,2,15,0,5,120,0
USER_016,2026-03-12 19:03:00,1,7.732243684905946,2,10,0,1,18,0
USER_009,2026-03-12 21:24:00,10,6.425595680542198,2,12,0,3,120,0
USER_001,2026-01-16 02:42:00,12,4.512105738218455,2,17,0,5,84,0
USER_008,2026-02-11 21:27:00,19,2.3018254394012985,2,12,0,2,78,0
USER_012,2026-02-03 23:37:00,10,4.691230219058823,0,14,0,4,11,0
USER_009,2026-02-19 18:56:00,1,9.446953312262144,1,9,0,2,24,0
USER_020,2026-02-23 01:17:00,2,6.93377857110088,0,16,0,4,61,0
USER_014,2026-03-18 02:47:00,5,8.865596460605836,2,17,0,1,111,0
USER_004,2026-03-18 01:38:00,15,3.321243133361401,0,16,0,4,27,0
USER_004,2026-02-25 09:00:00,5,0.11612369720088214,35,3,0,1,3,1
USER_013,2026-03-04 02:51:00,4,4.579169545347406,0,17,0,1,76,0
USER_019,2026-03-06 19:59:00,4,5.267379832832139,2,10,0,5,37,0
USER_016,2026-02-19 21:43:00,10,9.368530941742103,0,12,0,1,100,0
USER_001,2026-03-03 23:06:00,10,4.218156742404554,0,14,0,1,111,0
USER_004,2026-03-14 19:49:00,4,7.878881740065807,2,10,0,3,117,0
USER_002,2026-01-13 23:27:00,8,8.402879110370431,1,14,0,5,103,0
USER_020,2026-03-18 19:32:00,13,4.680845423379996,2,10,0,1,62,0
USER_004,2026-02-26 23:06:00,17,9.113372609195023,0,14,0,2,57,0
USER_020,2026-02-22 01:31:00,17,2.8610172685906554,1,16,0,1,20,0
USER_002,2026-02-16 20:15:00,1,9.75889441936242,0,11,0,3,104,0
USER_016,2026-01-04 21:39:00,18,3.3472621899920214,2,12,0,2,87,0
USER_005,2026-03-03 18:09:00,15,8.93137743522019,2,9,0,3,64,0
USER_013,2026-02-27 09:00:00,429,807.7003570748093,0,17,0,19,5,1
USER_005,2026-01-22 00:11:00,20,8.109532824429081,0,15,0,4,10,0
USER_012,2026-03-28 00:25:00,13,5.902193635576015,2,15,0,1,99,0
USER_009,2026-03-25 18:23:00,8,0.7150308848253075,0,9,0,4,44,0
USER_012,2026-01-21 01:17:00,7,9.38036257523716,2,16,0,1,9,0
USER_004,2026-03-10 23:37:00,12,8.250816686621333,0,14,0,2,71,0
USER_011,2026-02-24 18:17:00,17,0.7323326923191659,2,9,0,5,85,0
USER_013,2026-03-27 00:50:00,5,5.003753631202593,0,15,0,2,69,0
USER_019,2026-03-25 01:40:00,20,3.299761592269271,2,16,0,3,24,0
USER_017,2026-01-16 19:18:00,3,7.654856619887739,1,10,0,4,120,0
USER_006,2026-02-25 20:50:00,16,6.526884629883659,0,11,0,5,93,0
USER_016,2026-03-07 20:29:00,16,8.802849069644143,1,11,0,1,16,0
USER_009,2026-01-31 01:04:00,7,1.4475072795255186,2,16,0,1,24,0
USER_017,2026-02-27 22:26:00,8,9.387087143421429,2,13,0,1,81,0
USER_005,2026-01-05 21:12:00,1,7.225416443975249,2,12,0,2,67,0
USER_014,2026-03-19 00:16:00,3,1.0432662786118663,0,15,0,1,47,0
USER_005,2026-03-17 02:14:00,3,0.46508890748807175,0,17,0,4,88,0
USER_014,2026-03-03 02:43:00,8,9.636821865659686,0,17,0,3,65,0
USER_017,2026-02-22 21:36:00,6,1.7828381257741641,0,12,0,5,116,0
USER_008,2026-02-10 23:20:00,10,7.133291502654378,2,14,0,4,39,0
USER_009,2026-01-14 20:57:00,19,6.77379227247466,0,11,0,2,99,0
USER_008,2026-02-22 19:55:00,7,3.8177706399896363,0,10,0,1,65,0
USER_004,2026-03-05 19:38:00,20,2.283667990004942,0,10,0,4,48,0
USER_015,2026-02-23 01:28:00,3,6.052044008977791,0,16,0,2,117,0
USER_002,2026-01-26 01:09:00,2,2.375619401135289,0,16,0,4,38,0
USER_016,2026-02-18 01:59:00,17,2.740534888441608,0,16,0,4,15,0
USER_020,2026-01-20 22:05:00,13,3.1627694701449864,0,13,0,3,61,0
USER_016,2026-01-16 01:54:00,5,1.3241769169351647,0,16,0,2,116,0
USER_002,2026-01-04 21:39:00,3,0.6631309247851671,2,12,0,2,81,0
USER_010,2026-02-23 18:43:00,18,9.324042575114003,1,9,0,3,58,0
USER_020,2026-03-26 22:00:00,11,9.700728086636106,2,13,0,5,62,0
USER_017,2026-02-28 19:20:00,1,0.21701778824344434,0,10,0,4,79,0
USER_003,2026-01-03 19:49:00,16,7.597606940339133,0,10,0,2,18,0
USER_017,2026-04-01 18:49:00,16,4.833580318219742,1,9,0,1,74,0
USER_007,2026-03-22 23:47:00,5,9.206951834082066,2,14,0,4,115,0
USER_014,2026-01-11 09:00:00,73,59.32905088166153,1,16,0,18,174,1
USER_014,2026-03-20 23:58:00,9,3.4161773255186416,1,14,0,1,37,0
USER_004,2026-01-23 18:55:00,2,8.537261988793425,1,9,0,3,59,0
USER_007,2026-01-27 01:52:00,18,2.7842139477799606,2,16,0,3,22,0
USER_003,2026-03-08 01:25:00,7,4.9556070666447445,2,16,0,5,70,0
USER_020,2026-01-29 23:40:00,19,1.1306913068384608,1,14,0,2,47,0
USER_010,2026-01-17 23:06:00,13,5.083031138985155,1,14,0,2,13,0
USER_018,2026-03-01 18:26:00,2,1.9570671598058187,1,9,0,5,101,0
USER_013,2026-01-07 18:19:00,17,0.5077042964192756,2,9,0,5,24,0
USER_018,2026-03-15 23:23:00,15,8.056251090257007,2,14,0,2,83,0
USER_011,2026-03-05 21:32:00,11,1.7496094576030667,1,12,0,3,60,0
USER_010,2026-01-26 02:02:00,20,5.154423718948325,2,17,0,2,83,0
USER_016,2026-03-13 02:09:00,20,2.902977926982495,1,17,0,3,19,0
USER_008,2026-03-28 23:25:00,16,1.5074991674461418,2,14,0,3,85,0
USER_012,2026-01-12 20:15:00,6,5.049200145191516,2,11,0,5,48,0
USER_004,2026-03-16 19:48:00,1,5.3355035301169815,2,10,0,2,41,0
USER_003,2026-02-09 19:25:00,16,5.304386982819971,1,10,0,5,14,0
USER_013,2026-02-23 09:00:00,3,0.8163753973327007,20,19,0,1,5,1
USER_002,2026-02-26 01:09:00,7,9.28608245278442,1,16,0,2,54,0
USER_012,2026-03-13 18:47:00,14,8.238062511040118,2,9,0,1,110,0
USER_009,2026-02-20 23:05:00,12,9.597048162070449,1,14,0,5,36,0
USER_014,2026-02-07 18:38:00,8,7.987997100289598,2,9,0,3,29,0
USER_011,2026-01-01 18:48:00,13,8.505159279011325,2,9,0,3,18,0
USER_010,2026-01-26 23:05:00,14,3.7392356753401725,1,14,0,4,111,0
USER_012,2026-03-22 23:19:00,8,9.960344671343403,2,14,0,3,108,0
USER_020,2026-03-17 22:05:00,5,3.2005388741704097,0,13,0,3,19,0
USER_006,2026-03-10 01:40:00,20,7.768600685354728,1,16,0,2,110,0
USER_009,2026-03-09 23:36:00,20,3.6031481093044815,0,14,0,5,77,0
USER_012,2026-02-21 23:17:00,15,1.8809033643972592,0,14,0,5,92,0
USER_009,2026-02-16 23:23:00,18,5.619165733644822,1,14,0,3,7,0
USER_016,2026-03-11 02:51:00,7,7.6424102377139596,2,17,0,5,116,0
USER_012,2026-01-10 01:50:00,18,4.037387095067771,1,16,0,2,68,0
USER_003,2026-01-15 00:06:00,11,3.73886072726392,1,15,0,2,53,0
USER_002,2026-01-18 01:04:00,8,7.807302197717967,1,16,0,3,54,0
USER_017,2026-01-10 07:00:00,2,1.757687776852715,1,22,1,1,18,1
USER_005,2026-03-01 01:59:00,11,1.6449273477681987,2,16,0,5,69,0
USER_015,2026-01-07 18:58:00,12,7.075876057678362,1,9,0,3,110,0
USER_015,2026-02-17 21:25:00,15,7.746188101378078,2,12,0,5,24,0
USER_009,2026-03-08 21:12:00,12,7.064023827437957,1,12,0,2,10,0
USER_009,2026-03-31 21:47:00,3,2.1846577655703836,1,12,0,1,17,0
USER_002,2026-02-09 09:00:00,122,82.33721835510111,3,9,0,16,200,1
USER_020,2026-01-04 22:18:00,16,0.9168506514693134,2,13,0,1,113,0
USER_012,2026-02-02 22:37:00,3,7.709603052467862,0,13,0,1,99,0
USER_016,2026-01-18 18:55:00,11,9.746551851637163,1,9,0,2,96,0
USER_009,2026-01-27 21:14:00,7,8.365910752653962,2,12,0,3,24,0
USER_008,2026-02-25 00:13:00,5,1.1574587310405606,0,15,0,3,61,0
USER_018,2026-02-08 02:28:00,20,3.7446439327228678,2,17,0,1,29,0
USER_018,2026-02-10 02:58:00,12,4.868351658751922,0,17,0,1,61,0
USER_012,2026-04-02 01:18:00,18,7.249152065828627,0,16,0,3,68,0
USER_005,2026-01-04 19:29:00,11,0.47507451598686645,0,10,0,1,27,0
USER_018,2026-03-18 20:28:00,12,9.034601209461945,2,11,0,3,113,0
USER_020,2026-03-29 21:10:00,17,1.4896698573051572,0,12,0,2,77,0
USER_014,2026-02-15 23:51:00,10,2.963163587885579,0,14,0,5,100,0
USER_008,2026-03-02 01:36:00,20,6.715065857410386,1,16,0,1,68,0
USER_014,2026-03-04 01:29:00,7,3.467906426682596,0,16,0,3,115,0
USER_012,2026-01-25 23:20:00,12,5.979383775506598,0,14,0,3,26,0
USER_011,2026-01-27 02:26:00,13,2.587521449380683,2,17,0,4,90,0
USER_004,2026-03-25 19:41:00,18,7.2363151749102315,0,10,0,4,62,0
USER_011,2026-02-17 01:52:00,2,8.184227997115919,1,16,0,3,76,0
USER_011,2026-02-04 02:13:00,11,2.4629909308968756,1,17,0,2,90,0
USER_008,2026-03-25 02:35:00,13,2.452195178405425,2,17,0,3,93,0
USER_011,2026-03-14 22:38:00,3,8.8450876267316,0,13,0,2,101,0
USER_010,2026-02-04 19:08:00,15,7.298359997430596,0,10,0,1,24,0
USER_010,2026-03-05 22:24:00,5,4.3699550291727745,0,13,0,5,32,0
USER_007,2026-02-08 01:42:00,16,4.953478566538304,1,16,0,5,48,0
USER_013,2026-02-06 19:29:00,20,7.388126776284489,2,10,0,4,33,0
USER_016,2026-01-18 07:00:00,3,1.0774726917292108,1,22,1,1,30,1
USER_004,2026-01-17 20:12:00,1,6.263347247074682,1,11,0,1,63,0
USER_004,2026-01-03 01:36:00,10,4.747029754812051,1,16,0,3,28,0
USER_005,2026-01-17 02:02:00,1,5.769914089939618,1,17,0,5,75,0
USER_019,2026-02-23 21:39:00,1,5.030576795347549,2,12,0,5,42,0
USER_014,2026-03-10 02:13:00,7,6.159332074791396,0,17,0,5,98,0
USER_012,2026-02-14 19:28:00,16,5.064355945692641,0,10,0,4,95,0
USER_019,2026-03-16 18:25:00,19,2.206330793145339,0,9,0,5,38,0
USER_011,2026-02-14 18:56:00,14,4.223564954917402,0,9,0,2,100,0
USER_014,2026-01-26 19:52:00,5,8.357670374892441,1,10,0,3,98,0
USER_015,2026-03-05 02:02:00,10,8.992987928167947,0,17,0,3,70,0
USER_003,2026-02-19 18:57:00,11,5.35611123683952,1,9,0,4,101,0
USER_014,2026-02-11 00:55:00,3,6.375882134700004,1,15,0,3,110,0
USER_005,2026-04-02 01:30:00,15,6.191947745919128,0,16,0,1,37,0
USER_006,2026-03-03 02:49:00,3,0.26522507753147645,0,17,0,1,38,0
USER_018,2026-01-02 23:30:00,15,5.175364792868087,1,14,0,5,98,0
USER_015,2026-03-01 02:19:00,19,1.4063470944240017,1,17,0,2,106,0
USER_003,2026-02-25 21:07:00,15,6.161738264765149,0,12,0,3,90,0
USER_005,2026-01-04 18:30:00,2,1.148676496726546,0,9,0,1,59,0
USER_014,2026-02-08 02:54:00,14,1.9689713581059882,0,17,0,4,91,0
USER_007,2026-02-06 18:22:00,2,8.67140294307277,1,9,0,3,20,0
USER_004,2026-02-16 00:54:00,12,6.076887710532222,0,15,0,4,73,0
USER_010,2026-02-12 23:52:00,7,7.157696978808829,2,14,0,5,15,0
USER_005,2026-03-09 20:53:00,6,0.3828558008971378,2,11,0,3,115,0
USER_011,2026-02-28 00:30:00,5,2.680730807911175,2,15,0,5,110,0
USER_014,2026-03-06 20:06:00,18,0.8166211082143688,1,11,0,3,19,0
USER_011,2026-01-12 22:03:00,4,4.227873546168046,0,13,0,2,91,0
USER_020,2026-01-07 23:49:00,20,8.447085813825675,1,14,0,4,106,0
USER_002,2026-03-14 00:24:00,17,7.675082736785863,0,15,0,2,42,0
USER_017,2026-03-15 18:11:00,14,9.212090646927587,0,9,0,4,91,0
USER_018,2026-02-03 00:23:00,15,4.530247911082669,1,15,0,1,97,0
USER_014,2026-03-20 02:38:00,20,2.334302656943843,2,17,0,4,62,0
USER_016,2026-02-04 00:09:00,17,8.715749584912285,0,15,0,3,107,0
USER_017,2026-01-19 18:29:00,15,0.995363995836699,2,9,0,1,28,0
USER_018,2026-01-26 20:16:00,3,7.3015111352984565,0,11,0,5,85,0
USER_017,2026-01-06 21:25:00,3,8.78221325803125,1,12,0,3,46,0
USER_016,2026-03-31 22:09:00,7,6.982401089286999,2,13,0,1,43,0
USER_011,2026-02-22 20:51:00,8,2.7413765249852733,2,11,0,1,53,0
USER_002,2026-02-11 02:03:00,2,5.883358185143815,2,17,0,5,25,0
USER_002,2026-01-13 01:13:00,5,8.883889212083831,2,16,0,1,101,0
USER_007,2026-02-06 01:03:00,7,1.2155233113949624,0,16,0,4,68,0
USER_015,2026-02-07 01:49:00,13,5.078776245727031,1,16,0,2,109,0
USER_019,2026-02-07 23:44:00,10,0.31720201880969356,2,14,0,4,40,0
USER_011,2026-01-15 00:15:00,7,1.9830681935640342,1,15,0,2,59,0
USER_001,2026-02-01 21:51:00,10,4.695181039015093,2,12,0,4,59,0
USER_003,2026-03-12 23:34:00,10,8.9241836553035,0,14,0,2,106,0
USER_016,2026-01-25 19:32:00,4,8.688227771512476,1,10,0,5,43,0
USER_006,2026-02-07 01:49:00,12,6.0839582911827765,0,16,0,5,18,0
USER_002,2026-01-06 23:06:00,15,0.26118538849016976,0,14,0,4,63,0
USER_012,2026-04-01 00:04:00,18,9.941824238721509,0,15,0,4,9,0
USER_020,2026-01-06 22:13:00,11,1.5684055939540842,2,13,0,2,50,0
USER_017,2026-03-22 01:44:00,19,2.633791450306383,1,16,0,2,82,0
USER_017,2026-01-02 19:23:00,11,1.4066305192537503,2,10,0,4,51,0
USER_005,2026-03-20 00:06:00,6,4.811104936345825,2,15,0,5,9,0
USER_011,2026-03-04 20:22:00,7,1.7323467380258066,1,11,0,1,34,0
USER_005,2026-01-12 23:58:00,10,3.334519344568703,1,14,0,2,30,0
USER_004,2026-02-24 18:14:00,6,8.060687576114116,2,9,0,5,64,0
USER_017,2026-03-14 20:01:00,6,2.0083581236324264,0,11,0,1,36,0
USER_012,2026-02-06 20:30:00,18,0.18233939490409568,1,11,0,4,43,0
USER_002,2026-02-11 18:50:00,2,3.004340982055567,1,9,0,4,23,0
USER_014,2026-02-26 09:00:00,175,159.75754407041424,3,11,0,17,189,1
USER_011,2026-02-05 21:03:00,17,2.3047945793711104,2,12,0,4,56,0
USER_004,2026-03-09 21:06:00,20,3.6828229154723693,2,12,0,5,33,0
USER_013,2026-01-17 09:00:00,5,0.9927315725886166,28,6,0,1,9,1
USER_015,2026-03-20 23:52:00,17,4.324733492900689,2,14,0,4,119,0
USER_004,2026-03-31 20:11:00,9,3.0162293048416093,2,11,0,1,86,0
USER_013,2026-02-18 19:38:00,15,5.338232016481457,2,10,0,1,92,0
USER_001,2026-01-09 01:30:00,13,4.320108830871918,0,16,0,4,96,0
USER_009,2026-01-15 20:56:00,4,7.449925171411887,0,11,0,3,41,0
USER_001,2026-02-27 18:17:00,7,7.635813484028492,0,9,0,5,102,0
USER_014,2026-01-26 18:44:00,5,8.83326286401579,1,9,0,2,116,0
USER_011,2026-03-19 21:30:00,17,1.5935246592868215,0,12,0,4,18,0
USER_004,2026-02-05 01:09:00,6,2.8090051698174916,0,16,0,5,76,0
USER_002,2026-02-10 21:59:00,10,5.202297533619538,2,12,0,4,37,0
USER_016,2026-03-28 19:01:00,6,3.8880665293736816,2,10,0,3,24,0
USER_012,2026-01-16 01:37:00,16,9.621203721582315,0,16,0,2,98,0
USER_014,2026-03-19 23:32:00,4,3.9134347901127993,2,14,0,2,37,0
USER_011,2026-03-31 01:07:00,16,9.011727243638045,0,16,0,5,19,0
USER_014,2026-03-25 23:38:00,5,3.074309318323322,2,14,0,2,66,0
USER_010,2026-02-02 21:50:00,3,3.1469482375145814,2,12,0,5,46,0
USER_020,2026-03-03 02:45:00,12,1.9213671299523218,1,17,0,4,65,0
USER_015,2026-02-28 19:52:00,2,8.790021388670652,0,10,0,5,73,0
USER_008,2026-01-06 18:25:00,15,2.4199588570268604,0,9,0,1,22,0
USER_001,2026-02-13 22:44:00,4,3.1206686955363265,1,13,0,1,47,0
USER_009,2026-03-22 02:43:00,20,1.2762290952635367,0,17,0,4,52,0
USER_013,2026-02-09 01:49:00,10,4.667336923243234,1,16,0,3,83,0
USER_003,2026-02-19 19:35:00,13,5.5653364965964505,1,10,0,5,63,0
USER_015,2026-02-04 01:14:00,9,5.686041220353765,0,16,0,1,15,0
USER_006,2026-02-23 02:41:00,16,4.826740352364875,0,17,0,3,46,0
USER_016,2026-01-26 19:39:00,13,1.8665774836412323,1,10,0,1,23,0
USER_008,2026-02-11 21:22:00,9,5.085303124295507,1,12,0,3,11,0
USER_002,2026-01-13 21:26:00,11,7.201844756877412,0,12,0,2,5,0
USER_001,2026-02-01 09:00:00,171,101.19801046709526,1,10,0,19,155,1
USER_020,2026-01-18 21:55:00,9,0.6165800522839453,1,12,0,3,75,0
USER_011,2026-03-28 00:16:00,12,9.540565924429336,2,15,0,4,13,0
USER_014,2026-01-14 21:13:00,18,8.304611842760103,2,12,0,4,87,0
USER_015,2026-01-12 21:16:00,11,6.948002540475924,2,12,0,2,96,0
USER_016,2026-02-28 19:32:00,12,0.6488471973399738,2,10,0,2,52,0
USER_018,2026-01-28 21:13:00,18,5.280332226518659,1,12,0,5,66,0
USER_008,2026-03-28 21:13:00,9,6.550714595274039,2,12,0,1,115,0
USER_013,2026-01-08 22:40:00,3,3.7170180789589904,1,13,0,1,112,0
USER_011,2026-02-28 23:31:00,1,0.747115468277113,0,14,0,3,66,0
USER_015,2026-01-16 22:29:00,10,7.027363481259601,1,13,0,5,74,0
USER_006,2026-01-29 20:39:00,9,2.0238295319286217,0,11,0,5,114,0
USER_001,2026-03-26 22:56:00,10,2.1339126097091756,2,13,0,5,29,0
USER_002,2026-01-05 00:05:00,7,2.4033428445683223,2,15,0,1,76,0
USER_007,2026-02-07 09:00:00,391,1744.1761437859966,0,15,0,10,3,1
USER_004,2026-01-16 09:00:00,144,135.76471316396135,0,17,0,17,90,1
USER_018,2026-01-29 20:08:00,13,7.988027326726151,2,11,0,3,86,0
USER_008,2026-02-01 18:15:00,10,5.9660635012457,2,9,0,1,116,0
USER_004,2026-03-31 21:49:00,10,8.517903066979082,2,12,0,1,106,0
USER_011,2026-01-13 18:53:00,11,7.934668311073542,0,9,0,1,41,0
USER_019,2026-02-01 19:37:00,20,0.49344245666173747,0,10,0,4,89,0
USER_009,2026-03-24 01:34:00,20,8.542469016568957,1,16,0,5,98,0
USER_007,2026-03-30 23:37:00,14,7.864708368510244,1,14,0,5,105,0
USER_009,2026-03-24 19:14:00,15,9.88779271450028,1,10,0,3,64,0
USER_008,2026-03-23 02:51:00,18,7.968977818588515,1,17,0,3,66,0
USER_013,2026-01-25 02:23:00,13,3.757076482826256,1,17,0,1,38,0
USER_017,2026-03-16 09:00:00,2,0.8405584506742251,33,14,0,1,3,1
USER_018,2026-02-16 22:34:00,2,7.624040895833852,1,13,0,5,32,0
USER_009,2026-01-30 22:07:00,7,3.2239246456592667,2,13,0,5,102,0
USER_011,2026-02-18 21:17:00,13,3.7136538202128517,2,12,0,2,80,0
USER_012,2026-03-04 22:26:00,11,9.216983037567145,0,13,0,1,32,0
USER_010,2026-01-27 19:47:00,12,2.19619573492765,2,10,0,5,23,0
USER_012,2026-01-22 21:41:00,20,0.538537265925711,2,12,0,4,101,0
USER_018,2026-03-30 23:15:00,6,6.659861343570735,0,14,0,5,112,0
USER_016,2026-02-01 22:51:00,13,3.044595327154449,0,13,0,1,25,0
USER_003,2026-01-08 01:55:00,4,1.6131290615477847,0,16,0,4,81,0
USER_018,2026-02-06 22:01:00,17,8.150256487047708,2,13,0,4,108,0
USER_020,2026-02-05 23:43:00,13,7.574221816037351,1,14,0,5,105,0
USER_003,2026-01-13 21:08:00,4,5.9367817858389795,1,12,0,3,59,0
USER_001,2026-02-08 18:36:00,20,1.1622768386580262,1,9,0,3,63,0
USER_019,2026-01-29 22:51:00,14,8.467036097150745,2,13,0,5,91,0
USER_006,2026-03-27 20:59:00,2,0.6348733818838168,1,11,0,3,31,0
USER_018,2026-01-23 01:16:00,17,8.737087106744049,1,16,0,2,74,0
USER_012,2026-02-22 22:16:00,5,3.105371864173581,0,13,0,5,109,0
USER_002,2026-03-27 18:24:00,9,1.600913992006678,1,9,0,4,78,0
USER_002,2026-03-17 00:45:00,19,8.178545540423393,1,15,0,2,92,0
USER_015,2026-03-02 09:00:00,116,1619.7444590572977,0,17,0,15,1,1
USER_017,2026-03-21 19:07:00,10,1.2287242715740545,0,10,0,4,30,0
USER_011,2026-01-17 00:43:00,19,5.504259485450096,1,15,0,2,102,0
USER_012,2026-02-21 23:08:00,12,5.198303327413998,0,14,0,3,35,0
USER_018,2026-03-01 18:41:00,18,0.8241312643696469,2,9,0,1,37,0
USER_012,2026-02-27 20:34:00,6,5.383065277974618,0,11,0,1,56,0
USER_010,2026-03-28 20:56:00,12,9.578177326170389,0,11,0,5,116,0
USER_014,2026-02-22 09:00:00,167,192.7760811735583,2,9,0,22,97,1
USER_004,2026-01-05 20:29:00,12,1.645460352824934,1,11,0,3,118,0
USER_018,2026-01-31 19:54:00,15,3.945863047077316,1,10,0,3,43,0
USER_017,2026-03-21 02:10:00,12,3.791234622803138,1,17,0,4,57,0
USER_016,2026-02-15 21:38:00,20,7.1247030579119475,0,12,0,1,37,0
USER_020,2026-02-26 23:39:00,5,4.460587898226735,0,14,0,2,92,0
USER_004,2026-01-06 19:00:00,5,6.6672147721593555,0,10,0,3,50,0
USER_006,2026-03-03 01:37:00,18,3.56262302628208,0,16,0,3,100,0
USER_015,2026-01-19 01:55:00,13,1.9309628085762347,1,16,0,4,95,0
USER_014,2026-01-07 00:21:00,12,5.648113498686483,2,15,0,2,6,0
USER_018,2026-02-16 23:48:00,5,2.0706730273692546,2,14,0,4,69,0
USER_010,2026-02-21 21:42:00,12,4.43719083075359,2,12,0,4,20,0
USER_015,2026-01-23 19:10:00,7,8.103761141061694,0,10,0,1,59,0
USER_010,2026-03-14 23:43:00,7,1.837399647000801,2,14,0,4,110,0
USER_010,2026-01-03 23:41:00,20,0.44461337425248504,2,14,0,1,93,0
USER_005,2026-01-09 20:33:00,19,0.18389994533479473,2,11,0,2,61,0
USER_013,2026-03-29 01:20:00,17,6.860475478046539,0,16,0,1,73,0
USER_019,2026-02-22 01:34:00,17,9.242607964663822,2,16,0,4,74,0
USER_019,2026-01-18 01:05:00,15,1.0629036688080675,1,16,0,4,65,0
USER_020,2026-03-30 00:15:00,16,9.137007258633192,0,15,0,2,64,0
USER_008,2026-03-03 22:23:00,10,7.720522397537422,0,13,0,2,50,0
USER_018,2026-01-02 22:33:00,7,0.9475683233844104,2,13,0,4,67,0
USER_004,2026-01-17 22:05:00,6,4.366697208162787,2,13,0,5,70,0
USER_008,2026-01-07 23:47:00,16,9.216266330771036,1,14,0,1,48,0
USER_019,2026-02-19 21:14:00,14,0.532108261063289,2,12,0,4,95,0
USER_010,2026-02-17 09:00:00,3,0.364583165476717,11,4,0,1,10,1
USER_020,2026-01-07 01:23:00,12,1.8351472915478737,2,16,0,1,76,0
