lead_age_days,email_opens,website_visits,demo_requested,pricing_page_visits,company_size,industry,lead_source,response_time_hours,num_interactions,budget_indicated,decision_maker,converted,conversion_probability,lead_score,lead_grade
52,3,19,0,1,1,3,3,53,6,0,1,0,0.0,0.0,
15,0,34,0,7,1,3,0,16,29,0,0,1,0.86,86.0,Very Hot
72,0,46,0,0,1,4,1,34,27,1,1,0,0.49,49.0,Warm
61,18,1,0,3,1,3,1,27,5,0,0,0,0.01,1.0,Cold
21,15,29,0,9,2,4,0,13,17,0,1,1,0.9,90.0,Very Hot
83,13,33,1,4,1,2,1,27,2,0,0,0,0.19,19.0,Cold
87,15,21,0,8,3,0,0,69,18,1,0,0,0.09,9.0,Cold
75,4,2,0,6,2,0,0,31,10,1,0,0,0.01,1.0,Cold
75,8,5,0,7,3,1,1,3,10,1,1,0,0.03,3.0,Cold
88,1,14,1,8,1,2,2,30,6,1,0,0,0.05,5.0,Cold
24,17,26,1,6,1,3,3,21,27,0,1,1,0.9,90.0,Very Hot
3,5,9,1,4,3,3,1,6,12,0,0,0,0.14,14.0,Cold
22,8,8,0,4,3,2,2,32,17,0,0,0,0.0,0.0,
53,0,32,0,9,3,3,0,42,27,0,1,1,0.88,88.0,Very Hot
2,8,31,0,5,4,1,2,62,13,0,1,0,0.09,9.0,Cold
88,15,47,0,4,4,4,1,32,20,0,0,1,0.93,93.0,Very Hot
30,12,5,0,8,4,0,1,39,28,1,1,1,0.81,81.0,Very Hot
38,8,40,0,2,4,2,2,64,16,0,1,0,0.02,2.0,Cold
2,12,35,0,2,2,0,1,30,10,1,1,1,0.78,78.0,Very Hot
64,8,1,1,6,1,4,3,63,27,1,1,0,0.14,14.0,Cold
60,10,28,0,6,3,2,2,31,21,1,0,1,0.85,85.0,Very Hot
21,3,3,0,5,1,4,0,40,2,1,0,0,0.01,1.0,Cold
33,1,0,0,2,3,3,2,33,2,1,0,0,0.01,1.0,Cold
76,5,18,1,6,1,3,2,63,23,0,0,0,0.08,8.0,Cold
58,13,25,1,4,2,3,2,25,7,0,1,0,0.35,35.0,Warm
22,3,24,1,6,4,4,2,36,6,0,0,0,0.04,4.0,Cold
89,5,9,1,1,1,4,0,24,1,0,0,0,0.02,2.0,Cold
49,18,14,0,5,3,4,0,58,12,1,1,0,0.02,2.0,Cold
59,5,21,0,7,1,0,0,39,13,1,1,0,0.04,4.0,Cold
42,1,47,0,0,2,4,2,46,12,1,1,0,0.24,24.0,Cold
60,17,20,0,3,2,3,3,10,19,0,1,0,0.07,7.0,Cold
80,12,21,0,0,1,1,3,32,9,1,0,0,0.0,0.0,
15,8,35,0,0,4,4,0,36,10,0,1,0,0.06,6.0,Cold
62,18,33,1,9,3,1,3,28,17,1,1,1,0.99,99.0,Very Hot
62,12,29,1,7,2,3,3,16,18,0,0,1,0.96,96.0,Very Hot
47,10,24,1,6,2,4,3,16,8,0,0,0,0.06,6.0,Cold
62,0,44,1,9,1,0,3,18,7,0,0,1,0.82,82.0,Very Hot
51,6,27,0,0,2,0,3,8,9,1,1,0,0.16,16.0,Cold
55,14,0,0,1,2,1,1,70,10,0,0,0,0.0,0.0,
64,0,48,0,3,3,0,0,1,12,0,1,0,0.08,8.0,Cold
3,11,44,0,0,4,0,2,62,15,1,0,0,0.1,10.0,Cold
51,6,3,1,2,3,0,3,38,15,1,0,0,0.03,3.0,Cold
7,14,6,0,7,4,3,1,45,28,0,0,0,0.1,10.0,Cold
21,18,48,1,7,3,0,2,58,4,1,0,1,0.88,88.0,Very Hot
73,0,8,0,7,1,2,1,1,4,0,0,0,0.02,2.0,Cold
39,16,35,0,5,2,4,3,32,23,0,0,1,0.95,95.0,Very Hot
18,16,18,0,5,4,0,3,8,1,0,0,0,0.02,2.0,Cold
4,2,0,0,4,1,0,3,40,26,0,1,0,0.13,13.0,Cold
89,11,9,0,8,2,0,3,56,12,0,1,0,0.04,4.0,Cold
60,5,35,0,3,2,2,2,63,25,0,1,0,0.06,6.0,Cold
14,10,8,1,9,2,0,2,36,2,0,1,0,0.38,38.0,Warm
9,2,44,0,6,3,0,1,57,15,1,1,1,0.9,90.0,Very Hot
53,7,45,0,0,1,4,0,45,17,1,1,0,0.16,16.0,Cold
2,13,41,0,8,1,2,3,2,7,0,0,1,0.96,96.0,Very Hot
84,13,31,0,6,2,2,1,68,6,0,1,0,0.09,9.0,Cold
60,9,31,1,9,4,0,1,50,12,1,1,1,0.77,77.0,Very Hot
71,1,5,0,8,1,2,1,29,19,1,1,0,0.1,10.0,Cold
44,13,47,1,6,3,1,3,10,1,1,1,1,0.88,88.0,Very Hot
8,8,37,0,1,4,2,3,27,28,0,0,0,0.17,17.0,Cold
47,2,16,1,5,4,2,1,15,21,0,1,0,0.08,8.0,Cold
35,7,9,0,9,4,2,3,60,26,1,0,0,0.13,13.0,Cold
78,15,49,0,3,4,3,1,31,14,0,0,1,0.87,87.0,Very Hot
81,1,26,0,2,1,3,2,21,4,1,0,0,0.0,0.0,
36,5,49,0,1,2,3,3,60,5,1,0,0,0.07,7.0,Cold
50,11,34,0,5,4,2,2,58,1,0,0,0,0.03,3.0,Cold
4,4,20,0,7,3,1,0,41,1,0,0,0,0.03,3.0,Cold
2,1,24,0,5,3,2,3,46,21,1,1,0,0.08,8.0,Cold
6,15,27,0,8,2,0,0,45,6,0,0,0,0.2,20.0,Cold
54,4,46,0,4,1,1,1,26,5,0,1,0,0.16,16.0,Cold
4,14,14,1,1,2,3,3,51,2,1,1,0,0.07,7.0,Cold
54,11,3,0,7,4,4,3,36,25,1,1,0,0.11,11.0,Cold
63,3,28,0,8,1,1,3,52,21,0,0,0,0.17,17.0,Cold
18,14,8,0,9,1,3,0,51,27,0,1,1,0.85,85.0,Very Hot
44,10,26,1,3,4,1,0,3,27,1,0,1,0.84,84.0,Very Hot
34,15,25,0,5,3,1,1,14,5,1,0,0,0.06,6.0,Cold
74,5,18,0,9,4,2,2,49,26,1,1,1,0.74,74.0,Hot
62,13,27,1,7,2,0,2,1,9,1,1,1,0.93,93.0,Very Hot
14,17,16,1,8,4,4,0,57,19,0,1,1,0.84,84.0,Very Hot
48,11,42,0,4,3,3,3,17,21,0,0,1,0.96,96.0,Very Hot
15,10,40,0,5,4,1,2,50,15,0,0,0,0.17,17.0,Cold
72,12,41,1,3,2,4,2,14,13,0,0,1,0.64,64.0,Hot
78,10,49,0,4,2,1,0,59,12,0,1,0,0.13,13.0,Cold
87,15,19,0,6,3,0,1,3,5,0,0,0,0.02,2.0,Cold
62,14,44,0,8,2,4,0,40,2,1,1,1,0.96,96.0,Very Hot
40,14,39,1,9,2,3,0,66,27,1,0,1,0.99,99.0,Very Hot
85,3,38,0,5,4,1,3,34,4,1,0,0,0.11,11.0,Cold
80,10,48,1,5,1,0,0,9,27,0,0,1,0.97,97.0,Very Hot
82,18,22,0,7,2,4,3,21,27,0,0,1,0.52,52.0,Hot
53,14,46,0,3,2,1,1,25,18,0,1,1,0.96,96.0,Very Hot
24,3,31,0,2,3,1,3,44,21,1,1,0,0.07,7.0,Cold
26,12,46,0,6,3,3,1,25,10,0,0,1,0.96,96.0,Very Hot
89,18,32,1,4,4,0,1,9,13,0,0,1,0.86,86.0,Very Hot
60,1,45,1,1,4,2,1,62,12,0,1,0,0.17,17.0,Cold
41,13,4,0,1,2,1,0,26,2,1,1,0,0.0,0.0,
29,3,42,0,5,1,4,3,57,26,1,1,1,0.94,94.0,Very Hot
15,15,47,0,7,1,3,2,37,15,1,0,1,0.98,98.0,Very Hot
45,19,33,0,0,4,3,0,16,14,0,0,0,0.14,14.0,Cold
65,13,39,0,5,3,1,1,37,25,0,0,1,0.94,94.0,Very Hot
89,14,10,0,1,2,1,2,24,10,0,0,0,0.0,0.0,
71,2,49,0,1,2,1,0,26,22,0,1,0,0.44,44.0,Warm
9,7,2,1,6,1,2,2,20,8,0,0,0,0.02,2.0,Cold
88,15,32,1,9,4,1,1,9,25,0,1,1,0.97,97.0,Very Hot
1,9,10,0,0,1,0,2,29,15,0,0,0,0.01,1.0,Cold
8,3,15,1,5,1,4,2,31,13,0,1,0,0.05,5.0,Cold
88,17,17,0,6,4,1,1,19,8,0,0,0,0.02,2.0,Cold
63,1,29,0,7,3,2,2,20,21,1,0,0,0.16,16.0,Cold
11,16,47,0,6,2,4,0,27,21,1,1,1,0.98,98.0,Very Hot
81,12,9,0,5,3,3,2,44,22,1,0,0,0.03,3.0,Cold
8,3,17,0,8,4,1,3,35,14,0,0,0,0.01,1.0,Cold
35,10,37,0,2,4,4,0,71,1,0,0,0,0.05,5.0,Cold
35,6,18,1,5,2,3,2,22,13,1,1,1,0.68,68.0,Hot
33,11,35,1,3,3,2,3,15,27,0,1,1,0.87,87.0,Very Hot
5,9,12,0,1,2,0,3,13,8,1,1,0,0.02,2.0,Cold
41,6,45,1,0,1,1,3,4,18,0,1,1,0.88,88.0,Very Hot
28,12,2,0,0,1,0,2,56,22,1,1,0,0.04,4.0,Cold
7,6,9,0,9,1,2,1,23,9,1,1,0,0.06,6.0,Cold
73,16,37,0,2,3,4,3,34,13,1,1,1,0.82,82.0,Very Hot
72,9,0,0,3,1,4,1,17,3,1,1,0,0.02,2.0,Cold
12,9,26,0,1,2,2,0,28,18,0,0,0,0.01,1.0,Cold
34,3,45,0,0,3,2,1,14,10,0,1,0,0.12,12.0,Cold
33,19,7,0,3,2,1,1,34,5,0,1,0,0.04,4.0,Cold
48,3,45,1,6,4,3,1,57,27,0,0,1,0.79,79.0,Very Hot
23,6,41,0,9,3,0,1,55,25,0,0,1,0.92,92.0,Very Hot
62,0,16,0,5,2,0,1,66,6,0,0,0,0.0,0.0,
88,11,8,0,5,2,4,0,37,8,1,0,0,0.03,3.0,Cold
37,12,5,0,8,3,4,0,68,24,0,0,0,0.09,9.0,Cold
44,9,42,0,1,4,1,1,26,7,0,0,0,0.09,9.0,Cold
86,14,24,1,3,3,2,1,61,21,0,0,0,0.16,16.0,Cold
35,12,38,0,4,1,0,3,67,18,0,1,0,0.33,33.0,Warm
65,8,48,0,0,1,1,0,52,14,0,0,0,0.08,8.0,Cold
47,8,27,0,7,4,4,2,18,15,1,0,1,0.27,27.0,Warm
78,14,32,0,7,2,4,0,53,10,0,0,0,0.46,46.0,Warm
3,9,36,0,5,2,0,2,63,26,0,1,1,0.89,89.0,Very Hot
1,9,8,0,4,2,4,3,53,21,0,0,0,0.01,1.0,Cold
5,7,17,1,7,3,4,1,27,12,0,0,0,0.09,9.0,Cold
14,15,20,0,2,3,3,3,31,7,1,1,0,0.04,4.0,Cold
27,16,1,0,2,4,2,1,1,28,0,0,0,0.15,15.0,Cold
9,4,42,0,1,1,4,0,6,28,0,0,1,0.81,81.0,Very Hot
79,3,37,0,4,2,3,1,11,7,0,0,0,0.07,7.0,Cold
15,17,39,0,2,1,1,2,34,11,1,1,1,0.7,70.0,Hot
42,18,35,1,2,3,4,2,63,13,0,1,1,0.77,77.0,Very Hot
77,3,49,0,5,3,1,3,53,15,1,1,1,0.86,86.0,Very Hot
51,6,42,0,7,3,4,0,18,18,0,0,1,0.9,90.0,Very Hot
63,9,36,0,1,1,0,2,21,7,0,1,0,0.07,7.0,Cold
52,17,14,0,3,4,3,3,19,6,1,0,0,0.02,2.0,Cold
4,18,27,0,6,4,3,0,4,23,0,0,1,0.87,87.0,Very Hot
23,3,17,0,0,3,0,0,29,11,0,0,0,0.01,1.0,Cold
15,9,33,0,0,2,2,3,25,8,0,1,0,0.06,6.0,Cold
43,0,21,0,9,1,3,2,56,20,0,0,0,0.04,4.0,Cold
29,17,10,1,6,3,1,2,63,1,1,1,0,0.14,14.0,Cold
36,4,12,0,6,1,3,3,27,8,0,1,0,0.0,0.0,
13,14,3,0,0,1,2,2,60,8,1,0,0,0.0,0.0,
32,16,21,0,0,4,1,3,49,19,0,0,0,0.02,2.0,Cold
71,2,6,0,3,3,1,2,65,3,0,0,0,0.0,0.0,
59,11,42,0,4,4,0,2,38,5,1,0,0,0.53,53.0,Hot
86,1,23,0,4,3,4,3,52,3,0,0,0,0.0,0.0,
28,0,3,0,3,1,0,3,1,15,0,1,0,0.01,1.0,Cold
66,16,27,0,7,4,4,2,40,14,0,0,0,0.17,17.0,Cold
42,15,14,0,6,1,0,3,21,21,0,1,0,0.09,9.0,Cold
45,4,0,0,8,3,4,2,15,15,1,0,0,0.01,1.0,Cold
62,14,2,1,6,2,3,1,50,24,0,1,0,0.12,12.0,Cold
57,2,13,0,9,4,1,0,48,17,0,1,0,0.02,2.0,Cold
6,6,37,0,0,4,4,0,32,18,1,1,0,0.09,9.0,Cold
28,10,49,0,6,1,3,2,49,2,0,1,1,0.86,86.0,Very Hot
28,9,0,0,0,1,2,0,68,12,0,0,0,0.0,0.0,
44,8,37,0,6,2,0,2,45,16,0,0,0,0.12,12.0,Cold
84,13,37,0,9,4,2,3,32,4,1,1,1,0.91,91.0,Very Hot
30,12,20,1,7,3,3,1,4,25,1,1,1,0.94,94.0,Very Hot
62,1,47,0,8,3,2,0,65,2,1,1,1,0.63,63.0,Hot
75,2,28,0,2,4,2,0,71,28,0,0,0,0.04,4.0,Cold
89,6,4,0,3,4,3,3,65,14,1,0,0,0.01,1.0,Cold
62,17,48,0,3,4,1,1,18,11,0,0,1,0.88,88.0,Very Hot
1,2,9,0,8,2,4,1,54,13,0,1,0,0.11,11.0,Cold
27,9,27,1,6,3,0,1,47,28,1,1,1,0.98,98.0,Very Hot
62,6,20,0,2,3,4,3,6,25,0,1,0,0.02,2.0,Cold
77,8,49,1,9,1,0,0,66,7,0,1,1,0.93,93.0,Very Hot
3,16,6,1,4,1,4,0,9,10,1,1,1,0.67,67.0,Hot
70,10,2,1,6,4,2,1,68,24,1,1,0,0.08,8.0,Cold
72,6,44,0,7,1,1,3,23,1,0,0,0,0.22,22.0,Cold
27,13,46,0,0,2,2,3,43,29,0,1,1,0.93,93.0,Very Hot
9,18,19,0,1,3,1,3,51,21,0,0,0,0.03,3.0,Cold
62,3,18,0,6,3,3,1,25,25,0,1,0,0.09,9.0,Cold
37,5,34,0,1,1,0,3,35,28,0,0,0,0.22,22.0,Cold
51,9,3,1,6,4,0,1,17,4,0,1,0,0.06,6.0,Cold
44,6,4,0,8,1,3,1,18,18,1,1,0,0.02,2.0,Cold
24,12,0,0,1,4,4,1,27,6,0,1,0,0.03,3.0,Cold
79,13,3,0,6,2,3,2,15,2,0,1,0,0.02,2.0,Cold
59,3,11,0,3,3,3,1,69,3,0,1,0,0.0,0.0,
32,7,26,0,1,2,1,3,15,14,0,1,0,0.0,0.0,
88,4,41,1,6,3,3,2,42,8,0,0,0,0.22,22.0,Cold
52,0,22,0,4,2,0,0,34,16,1,1,0,0.02,2.0,Cold
62,3,24,1,0,1,2,0,48,19,1,0,0,0.05,5.0,Cold
58,2,20,1,4,2,1,3,8,18,0,1,0,0.06,6.0,Cold
52,8,23,1,2,2,1,3,10,6,1,1,0,0.07,7.0,Cold
12,7,24,0,6,1,4,3,5,14,0,1,0,0.17,17.0,Cold
39,0,44,1,5,3,2,3,48,3,1,1,1,0.54,54.0,Hot
2,5,45,0,7,3,1,2,26,16,0,1,1,0.94,94.0,Very Hot
3,8,31,0,4,1,3,3,23,1,1,1,0,0.12,12.0,Cold
56,6,31,0,1,2,1,1,62,12,0,0,0,0.0,0.0,
81,3,4,0,8,2,1,0,13,14,0,1,0,0.02,2.0,Cold
59,12,35,0,7,2,1,3,9,19,1,1,1,0.99,99.0,Very Hot
2,16,45,0,5,4,4,1,20,22,0,0,1,0.96,96.0,Very Hot
2,1,41,0,9,3,1,3,57,19,0,1,1,0.91,91.0,Very Hot
54,4,48,1,6,2,1,1,24,9,0,1,1,0.9,90.0,Very Hot
87,11,41,0,8,3,4,2,33,7,1,1,1,0.97,97.0,Very Hot
1,7,38,0,6,2,2,0,20,14,0,1,1,0.91,91.0,Very Hot
19,5,15,0,2,1,0,0,60,5,0,0,0,0.0,0.0,
2,7,32,0,5,1,4,2,48,18,1,0,1,0.5,50.0,Warm
53,17,48,1,6,3,4,1,64,9,0,1,1,0.95,95.0,Very Hot
44,2,20,0,1,3,1,3,30,21,0,1,0,0.01,1.0,Cold
32,11,8,0,2,1,1,1,17,7,1,1,0,0.01,1.0,Cold
70,2,5,0,3,4,0,0,14,9,1,0,0,0.0,0.0,
32,5,44,1,9,1,1,2,19,4,1,1,1,0.95,95.0,Very Hot
68,1,34,0,5,2,3,2,71,25,0,1,0,0.14,14.0,Cold
55,11,38,1,0,4,1,1,59,17,0,0,0,0.37,37.0,Warm
75,1,21,0,8,1,1,1,67,12,1,0,0,0.02,2.0,Cold
56,5,40,0,4,4,3,2,44,6,1,0,0,0.09,9.0,Cold
17,16,4,0,6,4,0,0,32,18,1,0,0,0.12,12.0,Cold
38,2,41,1,8,4,3,3,11,8,0,0,1,0.95,95.0,Very Hot
24,1,22,0,8,3,4,3,2,21,0,0,0,0.08,8.0,Cold
69,19,16,0,0,1,3,1,68,15,0,1,0,0.01,1.0,Cold
70,7,11,0,0,3,2,2,17,3,1,0,0,0.01,1.0,Cold
86,11,22,0,2,3,4,2,40,2,0,0,0,0.0,0.0,
11,3,15,0,5,2,1,2,46,24,0,0,0,0.04,4.0,Cold
16,4,2,1,1,2,4,0,4,23,0,0,0,0.1,10.0,Cold
73,12,29,0,9,4,0,1,38,9,0,1,1,0.56,56.0,Hot
59,14,21,0,0,4,0,1,63,8,0,0,0,0.0,0.0,
70,15,8,1,0,2,3,1,29,27,1,1,0,0.11,11.0,Cold
80,9,28,0,4,2,4,0,19,4,0,1,0,0.0,0.0,
3,15,46,0,3,1,1,1,29,2,0,0,1,0.84,84.0,Very Hot
20,11,36,0,0,4,0,3,35,14,0,1,0,0.09,9.0,Cold
59,16,22,0,3,4,1,1,70,29,1,1,1,0.8,80.0,Very Hot
36,15,12,0,2,2,2,1,23,2,1,0,0,0.0,0.0,
19,11,31,0,1,1,0,1,46,2,1,1,0,0.04,4.0,Cold
67,7,45,0,8,2,3,0,44,27,1,1,1,0.99,99.0,Very Hot
19,19,46,0,0,2,2,3,48,28,0,1,1,0.91,91.0,Very Hot
20,2,47,1,6,3,4,3,52,22,1,0,1,0.91,91.0,Very Hot
71,15,22,1,3,4,1,2,8,7,1,1,1,0.74,74.0,Hot
52,12,44,1,4,1,0,2,55,12,0,0,1,0.81,81.0,Very Hot
33,18,16,1,9,3,2,3,66,6,0,0,0,0.12,12.0,Cold
40,7,39,0,4,4,2,1,40,18,1,0,1,0.41,41.0,Warm
39,4,20,1,0,2,0,1,31,4,1,1,0,0.07,7.0,Cold
82,19,1,0,5,1,4,1,48,19,0,1,0,0.17,17.0,Cold
1,7,36,0,8,4,4,0,61,27,1,0,1,0.91,91.0,Very Hot
11,11,5,0,1,2,3,1,52,13,0,0,0,0.01,1.0,Cold
57,0,43,0,6,3,4,0,38,20,0,1,0,0.22,22.0,Cold
89,19,17,1,5,1,3,3,36,21,1,1,1,0.82,82.0,Very Hot
50,5,29,1,4,4,2,1,55,23,0,0,0,0.15,15.0,Cold
23,17,21,0,3,3,0,1,13,25,1,1,1,0.7,70.0,Hot
31,7,32,1,3,2,4,2,37,27,0,0,1,0.88,88.0,Very Hot
42,6,29,0,5,2,3,3,47,2,0,1,0,0.07,7.0,Cold
7,0,16,0,3,4,2,1,71,8,0,1,0,0.02,2.0,Cold
16,15,42,0,4,2,4,0,22,19,0,0,1,0.84,84.0,Very Hot
60,11,31,0,5,1,1,3,39,9,0,1,0,0.03,3.0,Cold
2,5,41,1,4,4,2,2,58,26,1,1,1,0.88,88.0,Very Hot
1,19,13,1,6,3,4,3,30,28,0,0,1,0.78,78.0,Very Hot
48,1,9,1,8,4,2,0,18,4,0,0,0,0.03,3.0,Cold
12,13,46,0,9,4,0,2,18,16,0,0,1,0.95,95.0,Very Hot
69,3,35,1,6,3,0,0,39,19,1,0,1,0.93,93.0,Very Hot
37,0,33,0,6,2,0,3,26,10,0,1,0,0.08,8.0,Cold
32,17,8,1,3,3,1,2,71,6,0,0,0,0.01,1.0,Cold
9,12,41,0,0,1,0,0,7,16,0,1,1,0.78,78.0,Very Hot
19,1,27,0,7,2,1,3,69,10,0,0,0,0.0,0.0,
48,8,10,0,3,4,0,0,65,13,0,1,0,0.01,1.0,Cold
80,1,13,0,0,2,2,1,46,9,1,0,0,0.0,0.0,
3,8,38,0,4,2,4,3,18,7,1,0,1,0.78,78.0,Very Hot
20,0,46,0,7,1,4,2,13,4,0,0,0,0.22,22.0,Cold
24,10,18,0,3,2,0,2,25,19,1,1,0,0.07,7.0,Cold
54,2,14,0,7,2,4,1,8,26,1,0,0,0.02,2.0,Cold
33,19,27,0,7,2,0,0,32,4,1,0,1,0.79,79.0,Very Hot
24,3,23,0,2,4,0,0,17,19,1,1,0,0.02,2.0,Cold
75,17,7,0,8,2,3,2,48,28,1,1,1,0.83,83.0,Very Hot
72,5,42,0,2,3,3,0,63,19,0,1,0,0.06,6.0,Cold
36,2,8,0,0,2,3,3,40,12,0,0,0,0.0,0.0,
38,10,46,1,1,1,1,3,15,13,0,0,1,0.83,83.0,Very Hot
84,14,32,1,5,2,3,2,6,25,1,1,1,0.99,99.0,Very Hot
89,4,32,0,9,2,0,3,63,4,0,0,0,0.05,5.0,Cold
25,19,18,1,1,4,2,2,8,25,0,0,1,0.74,74.0,Hot
18,9,2,1,5,3,3,0,32,28,0,0,0,0.23,23.0,Cold
82,11,9,1,0,2,3,0,45,10,1,1,0,0.06,6.0,Cold
66,14,39,0,0,3,2,0,52,21,1,0,0,0.15,15.0,Cold
54,16,46,0,4,1,0,1,13,7,0,1,1,0.77,77.0,Very Hot
35,9,41,0,9,4,1,2,24,5,0,0,1,0.88,88.0,Very Hot
80,5,0,0,8,3,3,3,40,17,1,1,0,0.05,5.0,Cold
61,17,28,0,7,4,2,0,14,18,0,1,1,0.94,94.0,Very Hot
41,12,49,0,2,2,0,1,70,11,0,0,0,0.04,4.0,Cold
33,2,33,1,2,1,4,3,62,15,0,0,0,0.1,10.0,Cold
68,9,12,1,0,4,1,3,61,21,1,1,0,0.12,12.0,Cold
33,13,0,0,2,2,2,3,1,22,0,0,0,0.05,5.0,Cold
14,5,33,0,0,3,2,0,66,7,0,1,0,0.02,2.0,Cold
21,2,28,0,7,1,2,3,32,18,1,1,1,0.79,79.0,Very Hot
48,15,47,1,0,1,3,2,13,26,0,1,1,0.87,87.0,Very Hot
20,6,46,0,4,3,4,1,33,25,0,0,1,0.97,97.0,Very Hot
8,19,12,0,8,3,1,3,32,6,0,0,0,0.14,14.0,Cold
7,13,47,0,6,1,0,3,56,18,1,1,1,0.93,93.0,Very Hot
67,8,48,0,3,4,0,2,24,16,0,0,0,0.13,13.0,Cold
17,14,28,0,8,1,4,3,4,2,1,1,1,0.93,93.0,Very Hot
33,2,38,0,8,3,2,0,23,19,1,1,1,0.88,88.0,Very Hot
48,1,23,1,1,4,2,0,29,1,1,0,0,0.02,2.0,Cold
76,1,25,1,9,2,2,0,21,25,1,0,1,0.89,89.0,Very Hot
59,2,16,1,9,1,2,3,30,26,1,0,1,0.46,46.0,Warm
86,17,6,1,5,3,2,1,20,11,1,1,0,0.09,9.0,Cold
22,13,12,0,3,2,4,1,16,20,1,0,0,0.05,5.0,Cold
30,19,4,0,7,1,3,3,67,5,1,0,0,0.01,1.0,Cold
38,17,25,1,6,1,1,1,49,16,1,1,1,0.84,84.0,Very Hot
51,9,48,1,6,4,2,1,58,23,0,0,1,0.89,89.0,Very Hot
54,1,2,0,9,3,3,3,44,1,0,0,0,0.01,1.0,Cold
8,0,6,0,8,2,0,0,25,19,0,0,0,0.03,3.0,Cold
27,3,48,0,4,1,4,3,23,14,1,1,1,0.82,82.0,Very Hot
27,13,38,0,5,4,3,0,59,3,1,0,0,0.1,10.0,Cold
21,0,0,0,0,2,2,0,1,2,0,1,0,0.0,0.0,
30,13,48,0,5,2,2,1,15,24,0,1,1,0.97,97.0,Very Hot
28,15,16,0,1,1,2,1,52,5,0,1,0,0.03,3.0,Cold
64,13,42,0,5,2,3,0,58,17,0,1,1,0.66,66.0,Hot
69,19,24,1,8,1,2,0,41,28,1,0,1,0.87,87.0,Very Hot
61,2,2,0,7,4,3,1,44,18,0,0,0,0.02,2.0,Cold
48,2,14,0,8,4,2,2,4,1,0,0,0,0.06,6.0,Cold
19,8,28,0,9,2,0,0,68,15,0,1,1,0.82,82.0,Very Hot
4,5,42,1,7,1,0,0,7,22,0,0,1,0.92,92.0,Very Hot
35,12,31,0,2,3,1,0,46,9,1,0,0,0.04,4.0,Cold
64,1,25,1,7,4,2,1,9,27,0,0,1,0.81,81.0,Very Hot
49,7,15,0,5,1,2,3,33,23,1,0,0,0.04,4.0,Cold
17,1,24,1,5,1,3,0,33,5,0,1,0,0.15,15.0,Cold
44,3,27,1,5,1,3,0,4,28,0,1,1,0.91,91.0,Very Hot
30,14,8,0,2,2,2,0,65,13,1,0,0,0.01,1.0,Cold
46,3,0,0,9,3,1,3,34,19,1,1,0,0.24,24.0,Cold
6,12,28,0,0,2,2,3,64,28,0,0,0,0.17,17.0,Cold
37,11,21,0,3,4,3,0,25,28,0,1,0,0.17,17.0,Cold
24,12,15,0,9,2,2,0,55,24,0,1,1,0.78,78.0,Very Hot
46,13,40,0,5,1,3,2,9,10,1,0,1,0.89,89.0,Very Hot
53,19,43,0,9,2,2,3,17,20,0,0,1,0.98,98.0,Very Hot
60,17,40,0,1,1,4,2,21,25,0,1,1,0.93,93.0,Very Hot
63,5,6,0,6,3,3,0,60,21,1,1,0,0.01,1.0,Cold
85,10,13,0,6,2,1,0,13,14,0,1,0,0.0,0.0,
32,1,28,0,3,2,4,0,3,22,0,1,0,0.05,5.0,Cold
87,18,18,0,3,2,2,0,68,21,0,1,0,0.06,6.0,Cold
33,18,18,0,0,1,3,1,4,26,1,1,1,0.78,78.0,Very Hot
67,4,1,0,1,1,4,1,7,12,0,1,0,0.0,0.0,
18,18,40,1,8,2,1,1,26,11,1,0,1,0.98,98.0,Very Hot
25,1,44,0,9,2,3,2,24,23,0,1,1,0.94,94.0,Very Hot
54,9,14,0,7,3,4,3,10,7,1,1,0,0.07,7.0,Cold
58,1,2,0,7,3,4,0,13,17,0,1,0,0.01,1.0,Cold
67,10,10,1,8,4,4,3,44,18,0,0,0,0.14,14.0,Cold
46,17,45,1,6,3,0,1,39,7,1,0,1,0.98,98.0,Very Hot
24,14,29,1,8,3,2,0,19,24,1,1,1,0.99,99.0,Very Hot
32,8,39,0,9,3,3,0,51,20,1,1,1,0.94,94.0,Very Hot
47,18,17,0,1,1,3,2,19,6,1,1,0,0.02,2.0,Cold
86,8,47,0,5,3,3,3,52,11,0,0,0,0.41,41.0,Warm
23,2,1,0,2,3,4,2,47,12,0,0,0,0.0,0.0,
66,8,31,1,5,2,2,1,30,26,0,0,1,0.93,93.0,Very Hot
27,13,7,0,2,1,1,3,46,16,1,1,0,0.0,0.0,
2,18,21,1,7,4,3,1,21,19,0,0,1,0.93,93.0,Very Hot
17,6,5,0,3,4,2,2,48,23,1,1,0,0.02,2.0,Cold
33,15,11,1,9,3,2,2,62,27,0,0,1,0.49,49.0,Warm
9,15,46,0,5,4,0,0,58,19,1,1,1,0.91,91.0,Very Hot
43,0,39,0,8,4,3,3,18,11,0,1,1,0.86,86.0,Very Hot
48,3,35,0,1,4,4,3,59,16,0,1,0,0.03,3.0,Cold
39,3,14,0,1,3,2,0,48,23,1,0,0,0.0,0.0,
42,6,27,0,6,4,2,3,63,28,0,1,0,0.6,60.0,Hot
26,7,48,1,1,3,1,1,12,27,1,0,1,0.99,99.0,Very Hot
50,16,44,0,1,2,0,1,34,12,1,0,1,0.97,97.0,Very Hot
25,4,17,0,3,2,2,2,61,27,0,0,0,0.02,2.0,Cold
24,6,1,0,8,4,2,1,53,8,1,1,0,0.03,3.0,Cold
13,19,12,0,7,2,4,3,25,3,1,0,0,0.08,8.0,Cold
60,19,44,1,1,3,4,0,62,2,1,1,1,0.87,87.0,Very Hot
7,3,14,1,7,2,1,2,4,28,0,0,1,0.52,52.0,Hot
57,5,19,1,3,4,1,0,13,6,0,0,0,0.05,5.0,Cold
36,6,28,1,1,3,1,2,42,16,1,0,0,0.24,24.0,Cold
45,17,41,1,9,1,4,2,49,20,1,1,1,0.99,99.0,Very Hot
20,4,28,0,6,3,4,0,56,24,0,0,0,0.13,13.0,Cold
65,19,2,1,5,2,0,1,47,29,0,1,0,0.07,7.0,Cold
8,2,18,0,9,1,3,1,8,15,0,1,0,0.07,7.0,Cold
16,6,2,0,4,3,3,1,55,14,0,1,0,0.0,0.0,
14,13,13,0,0,1,0,1,18,2,1,0,0,0.0,0.0,
76,6,39,1,1,1,3,0,35,20,1,0,1,0.86,86.0,Very Hot
87,4,3,1,7,1,4,3,32,18,0,1,0,0.06,6.0,Cold
15,4,10,0,0,3,3,2,24,14,1,1,0,0.0,0.0,
66,1,30,1,2,2,4,0,7,18,0,0,0,0.16,16.0,Cold
32,5,42,1,1,3,0,1,13,2,1,1,1,0.81,81.0,Very Hot
87,14,31,0,4,2,1,1,69,1,0,0,0,0.04,4.0,Cold
63,9,26,0,3,3,0,0,42,20,0,1,0,0.09,9.0,Cold
86,6,29,1,6,3,3,2,31,2,1,0,0,0.33,33.0,Warm
51,4,42,0,4,3,4,0,26,9,0,0,0,0.19,19.0,Cold
25,0,1,0,7,2,3,0,32,9,0,0,0,0.01,1.0,Cold
58,12,48,0,3,3,3,3,52,16,0,1,1,0.49,49.0,Warm
63,17,8,0,5,1,1,0,20,11,0,1,0,0.03,3.0,Cold
62,12,27,1,3,3,3,3,40,27,0,0,1,0.56,56.0,Hot
22,17,30,0,1,1,1,2,59,23,0,1,0,0.15,15.0,Cold
58,4,33,1,0,4,4,0,14,6,1,1,0,0.29,29.0,Warm
58,12,14,1,0,4,4,0,44,12,1,1,0,0.05,5.0,Cold
86,3,47,1,7,2,1,1,48,3,0,0,0,0.12,12.0,Cold
49,16,24,0,3,2,0,0,43,12,1,1,0,0.03,3.0,Cold
52,2,35,0,4,4,4,1,16,23,0,0,0,0.18,18.0,Cold
42,16,7,0,7,3,0,1,35,1,0,0,0,0.03,3.0,Cold
70,10,8,0,6,3,4,1,53,9,0,1,0,0.05,5.0,Cold
15,19,36,1,7,3,4,2,34,20,0,1,1,0.98,98.0,Very Hot
54,3,47,0,7,4,2,3,3,22,1,1,1,0.94,94.0,Very Hot
60,1,44,0,5,1,3,1,68,6,0,1,0,0.28,28.0,Warm
8,19,38,0,9,2,3,0,5,11,1,1,1,1.0,100.0,Very Hot
53,15,31,1,1,1,0,0,10,3,0,0,0,0.17,17.0,Cold
60,17,16,1,5,4,3,1,52,4,0,0,0,0.03,3.0,Cold
5,7,34,0,0,1,0,1,29,29,1,1,1,0.8,80.0,Very Hot
68,2,36,1,0,3,4,0,31,27,0,1,0,0.16,16.0,Cold
6,8,18,0,2,3,2,1,66,10,0,1,0,0.0,0.0,
47,19,43,0,2,1,2,3,69,19,0,1,1,0.87,87.0,Very Hot
55,5,28,1,4,4,4,3,37,29,0,1,1,0.57,57.0,Hot
40,9,6,0,0,1,1,2,27,6,1,1,0,0.01,1.0,Cold
52,9,27,1,9,3,1,1,33,1,0,0,0,0.11,11.0,Cold
16,12,8,0,5,3,3,2,68,8,0,0,0,0.02,2.0,Cold
13,16,27,0,6,4,0,2,59,8,1,1,1,0.29,29.0,Warm
30,8,5,1,9,1,2,2,64,25,0,1,0,0.22,22.0,Cold
19,16,28,0,2,3,3,1,44,6,0,1,0,0.08,8.0,Cold
17,8,16,1,3,3,4,2,49,17,0,0,0,0.04,4.0,Cold
63,8,15,1,9,1,2,3,53,19,0,1,1,0.79,79.0,Very Hot
19,0,22,0,9,1,0,2,49,1,0,1,0,0.1,10.0,Cold
58,1,30,0,9,2,0,3,66,15,0,1,0,0.13,13.0,Cold
55,15,2,0,9,4,1,3,63,13,1,0,0,0.03,3.0,Cold
62,0,20,0,9,4,3,1,25,21,0,1,0,0.02,2.0,Cold
23,9,25,0,2,1,4,2,4,3,0,1,0,0.09,9.0,Cold
9,17,35,0,0,4,2,1,51,2,0,1,0,0.24,24.0,Cold
12,7,41,0,7,3,0,3,11,3,0,1,1,0.9,90.0,Very Hot
1,10,36,0,9,1,2,0,17,9,1,1,1,0.86,86.0,Very Hot
58,1,21,1,9,1,4,2,66,27,0,0,0,0.27,27.0,Warm
1,7,41,1,1,1,2,1,70,16,0,0,0,0.18,18.0,Cold
34,7,11,1,0,2,3,0,69,24,0,1,0,0.01,1.0,Cold
48,16,41,0,7,4,1,2,29,13,0,0,1,0.91,91.0,Very Hot
89,14,12,1,6,2,2,2,20,19,1,1,1,0.38,38.0,Warm
1,16,10,0,6,3,1,1,27,27,0,0,0,0.12,12.0,Cold
16,12,15,1,3,4,4,0,8,18,0,0,0,0.14,14.0,Cold
61,18,7,1,8,2,1,1,61,21,0,1,1,0.75,75.0,Hot
64,4,39,0,5,1,2,2,28,12,0,0,0,0.1,10.0,Cold
63,11,39,0,1,2,2,2,70,28,0,1,0,0.45,45.0,Warm
69,0,44,1,0,1,0,3,3,29,0,1,1,0.86,86.0,Very Hot
22,4,1,1,0,2,2,2,69,12,1,0,0,0.0,0.0,
67,7,29,1,8,2,1,2,7,1,0,1,1,0.87,87.0,Very Hot
76,12,29,0,3,2,0,0,60,20,1,0,0,0.08,8.0,Cold
26,7,11,0,4,1,2,0,4,8,0,1,0,0.03,3.0,Cold
16,10,9,0,2,2,2,3,5,17,1,0,0,0.05,5.0,Cold
51,0,43,1,3,4,4,3,11,21,0,0,1,0.91,91.0,Very Hot
86,12,10,0,7,4,0,3,15,28,1,1,1,0.39,39.0,Warm
57,18,14,1,3,4,4,1,64,20,0,1,0,0.1,10.0,Cold
29,2,15,0,8,1,4,1,13,22,0,0,0,0.01,1.0,Cold
78,16,16,0,8,1,4,3,7,7,1,1,1,0.82,82.0,Very Hot
69,4,25,0,5,4,3,1,6,9,0,1,0,0.05,5.0,Cold
47,19,1,1,1,4,4,2,56,17,0,1,0,0.04,4.0,Cold
62,7,49,0,9,4,1,3,64,27,0,0,1,0.73,73.0,Hot
69,13,11,0,6,3,2,3,50,10,0,1,0,0.0,0.0,
76,3,25,0,8,4,3,1,30,4,0,1,0,0.06,6.0,Cold
16,10,22,0,5,2,4,0,22,22,0,1,0,0.1,10.0,Cold
48,19,17,0,2,3,2,3,25,26,0,1,0,0.24,24.0,Cold
85,14,31,1,6,3,0,1,28,7,0,0,1,0.76,76.0,Very Hot
39,18,48,0,4,1,0,1,39,7,0,0,1,0.86,86.0,Very Hot
33,6,37,0,0,2,2,0,67,8,0,0,0,0.01,1.0,Cold
23,18,46,1,2,1,1,3,5,26,0,0,1,0.97,97.0,Very Hot
10,18,2,1,4,1,2,0,65,24,1,0,0,0.13,13.0,Cold
69,10,37,0,6,2,2,2,15,24,0,1,1,0.96,96.0,Very Hot
34,4,2,0,2,1,3,0,67,8,1,0,0,0.01,1.0,Cold
52,4,29,1,5,2,0,0,40,16,1,0,1,0.74,74.0,Hot
10,7,0,1,4,2,0,1,69,12,1,0,0,0.01,1.0,Cold
19,9,29,1,0,1,4,0,43,15,1,0,0,0.33,33.0,Warm
58,5,44,0,9,4,2,2,1,8,1,0,1,0.92,92.0,Very Hot
1,14,31,0,5,1,2,1,22,22,0,1,1,0.94,94.0,Very Hot
69,15,27,1,7,3,1,2,62,9,0,0,0,0.11,11.0,Cold
4,16,20,0,0,1,0,0,26,3,0,1,0,0.14,14.0,Cold
16,7,45,0,1,2,1,2,18,22,1,0,1,0.89,89.0,Very Hot
24,7,12,1,3,3,3,2,48,21,1,1,0,0.05,5.0,Cold
80,8,26,0,1,2,4,0,9,16,1,0,0,0.02,2.0,Cold
2,1,35,0,8,4,1,0,1,15,1,1,1,0.59,59.0,Hot
32,14,6,0,9,4,0,1,9,24,1,1,1,0.53,53.0,Hot
84,17,21,0,7,3,3,1,23,4,0,1,0,0.11,11.0,Cold
24,2,9,0,7,4,2,3,45,20,1,1,0,0.06,6.0,Cold
12,16,38,1,3,4,3,1,2,29,0,1,1,0.85,85.0,Very Hot
50,3,14,0,4,1,1,0,14,16,0,1,0,0.0,0.0,
35,3,14,0,3,1,0,2,38,10,0,1,0,0.0,0.0,
33,13,3,1,8,4,1,2,40,11,0,1,0,0.1,10.0,Cold
33,8,31,0,1,4,2,1,63,26,1,1,0,0.09,9.0,Cold
61,8,22,0,7,1,2,1,16,29,0,1,1,0.88,88.0,Very Hot
51,17,5,1,1,4,0,0,6,5,1,0,0,0.07,7.0,Cold
43,9,23,1,0,4,4,2,3,11,0,1,0,0.06,6.0,Cold
12,3,19,0,9,2,3,3,14,29,0,0,1,0.8,80.0,Very Hot
67,11,36,1,2,4,3,3,66,13,1,1,1,0.83,83.0,Very Hot
65,7,19,0,8,3,2,1,67,15,1,0,0,0.02,2.0,Cold
33,1,11,1,2,2,1,3,31,6,0,0,0,0.0,0.0,
40,12,32,0,8,3,1,0,33,16,0,1,1,0.94,94.0,Very Hot
74,15,27,1,6,4,4,3,1,15,0,1,1,0.88,88.0,Very Hot
43,1,7,0,9,1,1,1,44,11,1,0,0,0.02,2.0,Cold
44,10,0,0,0,2,3,0,15,20,1,0,0,0.02,2.0,Cold
29,9,36,0,9,1,1,2,37,2,0,0,0,0.18,18.0,Cold
13,14,21,0,4,2,4,0,27,28,0,1,1,0.79,79.0,Very Hot
12,16,5,1,8,1,3,1,48,28,1,0,1,0.86,86.0,Very Hot
46,7,20,0,2,2,1,1,27,2,1,1,0,0.0,0.0,
2,17,31,0,8,2,3,3,12,12,1,1,1,0.96,96.0,Very Hot
35,8,34,0,4,3,2,3,67,16,0,1,0,0.02,2.0,Cold
87,7,14,0,8,1,2,2,30,19,1,0,0,0.05,5.0,Cold
81,13,4,1,9,3,2,2,66,2,1,0,0,0.08,8.0,Cold
8,17,45,1,5,3,1,1,7,17,1,1,1,0.99,99.0,Very Hot
26,19,49,0,8,1,4,1,34,14,0,1,1,0.99,99.0,Very Hot
74,19,47,1,6,2,3,1,32,24,1,0,1,0.94,94.0,Very Hot
34,11,5,1,6,3,0,2,39,28,1,1,1,0.71,71.0,Hot
7,18,24,0,7,1,2,1,43,16,1,0,1,0.88,88.0,Very Hot
68,13,45,0,6,2,2,2,43,5,0,0,0,0.69,69.0,Hot
58,16,39,1,8,3,0,1,3,10,0,0,1,0.97,97.0,Very Hot
75,2,28,0,8,3,0,0,46,17,0,1,0,0.12,12.0,Cold
29,6,6,1,5,3,1,0,32,13,0,0,0,0.07,7.0,Cold
36,16,39,0,6,2,3,1,43,16,0,0,1,0.85,85.0,Very Hot
89,11,12,0,1,3,2,0,3,9,0,0,0,0.01,1.0,Cold
21,8,37,0,8,2,4,2,63,24,0,1,1,0.81,81.0,Very Hot
36,14,17,0,0,4,1,3,40,4,1,1,0,0.0,0.0,
10,17,1,1,0,3,1,0,18,24,0,0,0,0.08,8.0,Cold
73,12,7,0,2,4,4,3,67,29,0,0,0,0.06,6.0,Cold
24,7,10,0,5,1,4,0,62,28,1,0,0,0.06,6.0,Cold
64,13,32,1,4,3,4,2,10,29,0,1,1,0.97,97.0,Very Hot
49,7,37,0,1,1,0,0,52,26,0,0,0,0.12,12.0,Cold
36,13,47,0,8,1,2,0,46,16,0,1,1,0.97,97.0,Very Hot
82,6,26,1,9,1,0,1,55,23,0,0,1,0.8,80.0,Very Hot
24,11,19,1,3,4,2,3,46,27,0,0,0,0.19,19.0,Cold
23,10,11,0,3,2,0,3,60,11,0,0,0,0.0,0.0,
62,10,42,0,4,4,3,2,26,7,1,1,1,0.86,86.0,Very Hot
37,12,30,0,7,4,2,2,27,17,0,1,1,0.9,90.0,Very Hot
12,17,26,0,9,1,1,3,38,22,0,1,1,0.95,95.0,Very Hot
55,1,31,0,3,3,2,1,22,13,1,0,0,0.01,1.0,Cold
13,14,9,0,4,2,2,1,26,4,0,0,0,0.02,2.0,Cold
23,19,2,0,3,1,2,3,69,14,0,1,0,0.02,2.0,Cold
89,17,44,0,5,2,3,0,35,10,1,1,1,0.94,94.0,Very Hot
30,14,26,0,2,4,0,3,66,10,0,1,0,0.02,2.0,Cold
17,18,34,0,7,2,1,0,51,10,1,0,1,0.93,93.0,Very Hot
62,11,30,1,5,2,0,3,18,27,0,0,1,0.92,92.0,Very Hot
84,12,14,1,9,3,0,0,43,12,1,0,1,0.81,81.0,Very Hot
89,10,15,0,4,1,4,1,12,2,0,1,0,0.05,5.0,Cold
86,4,12,0,1,2,3,3,3,26,0,1,0,0.02,2.0,Cold
13,0,48,0,9,2,4,2,7,23,1,1,1,0.99,99.0,Very Hot
59,2,34,0,9,4,3,0,6,9,1,0,1,0.51,51.0,Hot
19,18,10,0,6,4,0,1,45,29,1,1,1,0.54,54.0,Hot
49,6,20,0,1,2,0,2,39,5,1,0,0,0.0,0.0,
12,11,10,0,0,1,3,1,51,8,1,0,0,0.01,1.0,Cold
61,14,29,1,6,2,0,0,9,21,0,1,1,0.98,98.0,Very Hot
19,4,47,0,4,2,0,3,23,14,0,1,1,0.77,77.0,Very Hot
76,14,34,0,0,3,1,1,12,7,0,1,0,0.08,8.0,Cold
9,7,21,1,3,1,4,3,62,7,1,1,0,0.08,8.0,Cold
71,9,37,0,3,3,4,3,40,9,1,0,0,0.11,11.0,Cold
28,15,30,0,9,1,4,1,54,3,1,1,1,0.86,86.0,Very Hot
78,7,13,0,6,1,2,1,7,14,1,1,0,0.05,5.0,Cold
52,0,23,0,8,1,1,1,17,17,1,0,0,0.06,6.0,Cold
83,11,49,1,1,3,4,3,50,18,0,1,1,0.82,82.0,Very Hot
16,4,48,0,0,3,4,2,24,12,0,1,0,0.1,10.0,Cold
69,2,31,0,1,3,1,0,2,22,1,0,0,0.03,3.0,Cold
12,0,35,0,6,4,0,2,33,14,0,0,0,0.11,11.0,Cold
25,3,31,0,9,3,4,3,21,26,0,0,1,0.84,84.0,Very Hot
52,7,14,1,5,4,0,1,53,26,0,1,0,0.15,15.0,Cold
85,2,42,1,3,4,4,1,46,28,0,1,1,0.87,87.0,Very Hot
53,9,34,0,0,4,3,0,45,13,1,1,0,0.2,20.0,Cold
23,1,2,0,0,2,2,0,9,14,0,0,0,0.0,0.0,
16,10,15,0,4,2,4,2,6,9,1,1,0,0.1,10.0,Cold
57,9,4,1,0,2,3,2,51,19,0,1,0,0.04,4.0,Cold
39,13,20,0,6,4,1,0,35,26,1,0,1,0.76,76.0,Very Hot
53,6,9,0,0,4,3,3,53,2,1,1,0,0.0,0.0,
42,1,18,0,0,1,1,2,19,11,1,1,0,0.01,1.0,Cold
58,8,24,0,1,4,4,1,69,17,1,0,0,0.0,0.0,
39,15,3,0,9,2,1,1,25,2,0,0,0,0.07,7.0,Cold
14,12,28,0,2,4,3,3,11,19,0,1,0,0.14,14.0,Cold
5,8,18,0,0,4,2,0,17,7,0,1,0,0.0,0.0,
35,19,42,0,8,1,0,2,36,18,1,1,1,0.99,99.0,Very Hot
87,3,1,0,9,4,0,1,21,13,1,1,0,0.05,5.0,Cold
75,9,9,1,7,3,2,0,18,5,0,0,0,0.04,4.0,Cold
18,11,42,0,4,1,0,2,60,18,1,0,1,0.9,90.0,Very Hot
76,16,24,0,1,4,4,3,18,23,0,1,0,0.11,11.0,Cold
9,13,19,0,4,4,4,1,1,26,0,0,0,0.12,12.0,Cold
74,13,47,0,5,1,3,3,14,24,1,1,1,0.95,95.0,Very Hot
58,1,18,0,0,4,3,3,8,24,0,0,0,0.02,2.0,Cold
17,19,22,1,3,2,1,3,66,29,0,0,1,0.84,84.0,Very Hot
7,10,23,0,8,3,3,2,51,16,1,0,1,0.81,81.0,Very Hot
46,15,10,1,1,3,4,3,60,15,1,0,0,0.03,3.0,Cold
13,18,45,0,4,2,3,2,34,8,0,1,1,0.92,92.0,Very Hot
40,5,33,0,0,4,0,2,36,26,1,0,0,0.05,5.0,Cold
42,18,27,0,3,4,1,3,62,15,0,1,0,0.07,7.0,Cold
9,4,4,0,3,3,1,3,1,25,0,1,0,0.02,2.0,Cold
50,3,4,1,5,4,4,0,42,1,1,0,0,0.0,0.0,
27,14,20,1,9,3,3,1,1,28,0,0,1,0.9,90.0,Very Hot
66,3,11,1,8,3,0,0,54,17,0,1,0,0.13,13.0,Cold
5,19,49,1,2,2,3,1,47,15,0,0,1,0.75,75.0,Hot
29,9,3,1,8,3,2,1,39,14,1,1,1,0.3,30.0,Warm
37,2,48,0,5,4,3,0,30,14,0,1,1,0.78,78.0,Very Hot
38,4,41,0,6,4,4,0,7,10,0,0,0,0.22,22.0,Cold
83,5,19,0,9,1,3,1,22,2,0,1,0,0.03,3.0,Cold
8,7,37,0,1,4,1,1,50,27,0,0,0,0.13,13.0,Cold
65,6,24,1,9,1,0,1,45,6,0,0,0,0.13,13.0,Cold
86,9,13,0,5,3,4,2,10,17,0,1,0,0.02,2.0,Cold
17,5,10,0,5,4,2,1,14,5,1,0,0,0.01,1.0,Cold
71,13,31,0,1,2,0,3,46,5,1,1,0,0.07,7.0,Cold
89,3,10,0,1,2,0,3,6,15,1,1,0,0.01,1.0,Cold
45,12,17,0,1,2,1,3,21,15,0,0,0,0.01,1.0,Cold
4,19,26,0,9,3,1,0,62,20,0,0,1,0.86,86.0,Very Hot
36,16,17,0,0,3,1,0,19,11,0,0,0,0.0,0.0,
70,6,22,0,4,1,4,0,62,5,0,0,0,0.01,1.0,Cold
31,3,10,0,7,2,3,1,53,28,0,0,0,0.05,5.0,Cold
19,13,20,0,1,1,0,3,24,1,1,1,0,0.01,1.0,Cold
61,2,43,0,4,1,3,1,56,11,0,1,0,0.13,13.0,Cold
54,4,4,0,7,4,3,2,62,11,0,1,0,0.02,2.0,Cold
39,15,22,0,9,4,1,2,34,6,0,0,0,0.23,23.0,Cold
74,19,40,0,4,2,3,0,22,23,0,1,1,0.95,95.0,Very Hot
19,3,24,0,1,3,0,2,68,8,1,1,0,0.02,2.0,Cold
39,1,40,0,2,4,0,3,57,2,0,0,0,0.01,1.0,Cold
67,17,9,0,5,3,2,2,10,15,1,0,0,0.03,3.0,Cold
45,18,21,0,4,1,4,0,66,23,0,0,0,0.03,3.0,Cold
13,18,18,0,3,1,3,1,8,22,1,1,1,0.76,76.0,Very Hot
58,16,0,1,3,1,4,2,38,9,0,1,0,0.06,6.0,Cold
20,13,6,0,4,1,4,3,62,15,1,1,0,0.05,5.0,Cold
72,18,3,1,1,2,4,3,28,8,0,1,0,0.05,5.0,Cold
61,12,0,0,8,1,4,3,10,16,0,1,0,0.23,23.0,Cold
39,11,14,0,1,4,0,1,45,27,0,0,0,0.02,2.0,Cold
1,5,39,0,9,1,3,3,65,14,0,1,1,0.94,94.0,Very Hot
3,3,11,0,1,3,2,0,67,15,0,1,0,0.03,3.0,Cold
77,18,21,0,9,4,4,0,9,20,1,0,1,0.5,50.0,Warm
62,15,21,0,8,3,2,3,5,13,0,1,1,0.77,77.0,Very Hot
63,12,49,0,2,3,0,2,10,9,0,0,0,0.18,18.0,Cold
25,3,46,0,9,2,0,3,12,1,1,0,1,0.8,80.0,Very Hot
56,16,16,0,6,2,1,0,58,27,0,1,0,0.34,34.0,Warm
33,0,28,0,3,3,4,0,21,6,0,1,0,0.03,3.0,Cold
38,17,45,0,5,3,1,0,21,8,1,0,1,0.94,94.0,Very Hot
6,19,13,0,3,1,2,2,65,27,1,1,1,0.42,42.0,Warm
58,16,49,1,9,4,3,2,3,27,1,0,1,0.99,99.0,Very Hot
44,14,19,1,6,1,1,2,69,20,1,1,1,0.55,55.0,Hot
45,10,49,1,0,2,0,0,64,18,0,0,1,0.88,88.0,Very Hot
32,12,47,0,2,2,4,1,49,27,1,0,1,0.93,93.0,Very Hot
45,0,32,1,2,1,2,3,17,18,0,0,0,0.2,20.0,Cold
61,16,42,1,0,4,0,3,32,26,0,0,1,0.88,88.0,Very Hot
47,5,14,0,5,3,3,0,70,17,1,0,0,0.01,1.0,Cold
21,3,11,0,8,1,4,2,21,21,0,1,0,0.07,7.0,Cold
80,19,39,1,7,2,3,1,7,16,0,0,1,0.93,93.0,Very Hot
85,15,19,0,6,4,3,1,7,13,0,0,0,0.02,2.0,Cold
75,14,29,0,9,2,4,2,27,22,0,0,1,0.9,90.0,Very Hot
36,14,37,0,7,4,4,3,8,4,0,0,1,0.9,90.0,Very Hot
19,5,2,0,5,4,3,3,28,4,0,0,0,0.02,2.0,Cold
20,14,27,1,8,4,2,1,66,21,0,0,1,0.98,98.0,Very Hot
57,13,25,0,2,1,4,1,71,14,0,0,0,0.02,2.0,Cold
18,10,29,0,9,1,0,2,47,5,0,0,0,0.11,11.0,Cold
47,6,12,0,9,1,1,3,10,16,0,1,0,0.13,13.0,Cold
49,8,12,0,8,4,2,1,33,14,1,1,0,0.15,15.0,Cold
14,15,1,0,3,4,4,3,7,14,0,0,0,0.04,4.0,Cold
15,4,36,0,6,2,4,1,3,14,1,0,1,0.8,80.0,Very Hot
31,19,48,1,8,3,2,2,14,25,0,0,1,1.0,100.0,Very Hot
1,9,37,0,1,1,1,3,44,24,0,0,0,0.37,37.0,Warm
54,17,1,0,1,4,3,1,46,25,0,0,0,0.03,3.0,Cold
3,2,35,0,8,2,0,1,61,29,0,1,1,0.79,79.0,Very Hot
16,12,25,0,2,2,4,1,36,14,0,0,0,0.0,0.0,
87,10,10,1,8,2,1,1,13,19,0,1,1,0.75,75.0,Hot
57,16,7,1,4,1,0,2,16,3,0,0,0,0.11,11.0,Cold
75,12,43,1,5,1,2,3,5,17,0,1,1,0.95,95.0,Very Hot
12,5,39,0,1,3,4,3,38,14,1,1,0,0.11,11.0,Cold
74,16,42,0,7,2,3,0,50,10,1,0,1,0.94,94.0,Very Hot
16,12,21,0,8,1,2,3,38,13,0,0,0,0.14,14.0,Cold
72,18,19,0,1,2,4,0,56,22,1,1,0,0.05,5.0,Cold
76,18,7,1,5,4,1,1,63,4,1,1,0,0.03,3.0,Cold
24,9,28,1,5,2,0,2,48,11,0,0,0,0.1,10.0,Cold
28,2,39,1,7,3,0,2,59,15,1,0,1,0.85,85.0,Very Hot
8,13,25,1,9,1,4,1,44,15,1,0,1,0.73,73.0,Hot
36,18,29,1,4,4,2,0,55,24,0,0,1,0.69,69.0,Hot
8,4,16,0,8,1,3,1,55,2,1,1,0,0.04,4.0,Cold
58,4,19,0,0,4,1,2,1,11,1,1,0,0.01,1.0,Cold
60,19,15,0,8,2,4,2,8,2,0,0,0,0.18,18.0,Cold
50,16,45,0,9,2,1,3,4,23,0,0,1,0.97,97.0,Very Hot
28,9,42,0,6,3,0,0,53,29,1,0,1,0.92,92.0,Very Hot
41,4,6,0,3,3,3,3,58,5,1,1,0,0.0,0.0,
64,3,15,1,2,4,1,2,37,13,0,1,0,0.0,0.0,
27,5,44,0,9,3,4,2,49,1,0,0,0,0.2,20.0,Cold
63,3,46,1,5,3,3,3,67,7,1,0,1,0.78,78.0,Very Hot
17,6,47,1,0,3,2,3,19,7,0,1,1,0.82,82.0,Very Hot
73,6,26,0,2,3,4,2,1,10,1,0,0,0.06,6.0,Cold
33,17,22,0,1,2,1,3,29,6,0,0,0,0.0,0.0,
84,2,23,0,8,3,3,3,33,20,0,0,0,0.04,4.0,Cold
77,0,8,1,2,2,4,0,52,12,0,0,0,0.0,0.0,
29,3,34,1,1,2,3,2,41,13,0,0,0,0.07,7.0,Cold
13,5,19,1,3,1,3,1,23,24,0,1,0,0.08,8.0,Cold
46,8,36,0,1,2,3,0,5,28,0,1,1,0.44,44.0,Warm
35,13,41,0,0,2,1,1,71,11,1,0,0,0.08,8.0,Cold
6,11,16,0,5,3,4,3,57,18,0,0,0,0.03,3.0,Cold
82,19,46,1,9,2,0,3,6,2,1,1,1,0.9,90.0,Very Hot
69,3,30,0,7,4,0,1,49,16,0,0,0,0.03,3.0,Cold
47,11,7,0,9,3,1,3,22,2,0,0,0,0.04,4.0,Cold
25,9,14,0,9,3,1,3,4,19,0,0,0,0.13,13.0,Cold
66,6,30,0,1,3,3,0,64,6,0,1,0,0.02,2.0,Cold
10,2,29,0,8,1,4,1,37,1,1,0,0,0.08,8.0,Cold
56,13,45,0,2,3,4,0,31,11,1,0,1,0.85,85.0,Very Hot
30,9,19,0,7,2,2,1,37,18,0,0,0,0.02,2.0,Cold
5,15,38,0,7,4,2,0,45,10,1,0,1,0.9,90.0,Very Hot
33,15,11,1,2,3,0,2,8,18,0,1,0,0.07,7.0,Cold
65,9,48,1,2,3,2,2,40,28,0,1,1,0.89,89.0,Very Hot
18,12,16,0,5,4,2,1,5,1,0,0,0,0.01,1.0,Cold
49,5,41,1,0,3,0,2,28,19,1,0,1,0.89,89.0,Very Hot
11,11,29,0,3,1,0,0,9,16,0,1,0,0.11,11.0,Cold
85,8,28,0,0,2,2,1,2,26,1,0,0,0.12,12.0,Cold
26,12,18,1,2,4,4,2,63,7,0,1,0,0.01,1.0,Cold
63,3,45,1,8,4,2,2,51,15,0,1,1,0.93,93.0,Very Hot
89,10,10,1,4,1,3,1,31,29,1,0,0,0.27,27.0,Warm
86,19,33,0,4,2,3,2,7,1,0,1,0,0.12,12.0,Cold
59,17,49,0,3,1,3,2,30,23,1,0,1,0.94,94.0,Very Hot
27,10,6,1,2,2,1,1,58,21,1,0,0,0.03,3.0,Cold
49,3,43,0,4,1,3,2,3,9,1,1,1,0.79,79.0,Very Hot
77,17,33,0,3,3,4,2,51,2,0,1,0,0.05,5.0,Cold
33,0,19,1,7,1,1,2,56,17,0,1,0,0.17,17.0,Cold
1,6,49,1,3,4,1,2,10,25,1,1,1,0.91,91.0,Very Hot
21,5,37,1,7,4,3,3,61,24,0,0,1,0.92,92.0,Very Hot
55,14,23,0,5,4,2,1,50,10,0,0,0,0.0,0.0,
6,17,9,1,4,1,0,3,47,6,0,0,0,0.06,6.0,Cold
81,10,31,0,3,4,2,3,1,5,0,1,0,0.07,7.0,Cold
69,19,14,0,3,4,2,0,57,8,0,0,0,0.0,0.0,
5,14,36,0,3,3,1,3,38,8,0,0,0,0.14,14.0,Cold
3,15,19,0,8,3,1,3,62,5,0,1,0,0.1,10.0,Cold
53,6,2,0,3,2,1,0,70,12,0,0,0,0.0,0.0,
23,9,36,0,8,2,4,2,65,7,0,0,0,0.13,13.0,Cold
53,11,39,0,9,2,4,2,62,13,1,0,1,0.9,90.0,Very Hot
37,13,7,0,5,1,0,3,56,13,1,0,0,0.01,1.0,Cold
74,4,39,0,9,2,1,0,67,17,0,0,0,0.22,22.0,Cold
74,17,43,0,6,1,3,2,17,4,0,0,1,0.85,85.0,Very Hot
83,4,22,0,9,1,1,0,8,18,0,0,0,0.16,16.0,Cold
17,2,39,1,2,2,4,1,60,10,0,0,0,0.12,12.0,Cold
85,4,10,1,7,2,1,1,40,3,1,0,0,0.02,2.0,Cold
78,16,45,0,2,1,4,1,62,12,1,0,0,0.57,57.0,Hot
73,18,7,1,0,3,1,1,41,1,1,0,0,0.01,1.0,Cold
1,18,28,0,9,4,3,3,12,27,0,0,1,0.96,96.0,Very Hot
51,11,29,0,4,4,0,1,54,11,0,0,0,0.0,0.0,
45,8,9,1,1,4,3,1,11,18,1,1,0,0.01,1.0,Cold
77,0,38,0,9,3,4,0,60,13,0,1,0,0.53,53.0,Hot
4,17,27,1,5,1,2,2,68,17,0,0,1,0.78,78.0,Very Hot
62,3,48,0,9,2,3,0,46,8,0,0,1,0.8,80.0,Very Hot
65,9,35,1,8,1,1,3,38,20,0,1,1,0.88,88.0,Very Hot
32,6,12,0,0,1,0,1,61,19,0,1,0,0.0,0.0,
34,0,31,0,3,2,1,2,17,17,0,1,0,0.02,2.0,Cold
72,16,35,0,0,3,1,2,66,2,1,0,0,0.09,9.0,Cold
39,1,36,1,0,4,3,1,36,3,1,1,0,0.35,35.0,Warm
26,10,25,0,7,4,0,1,7,3,0,1,0,0.11,11.0,Cold
34,8,21,1,1,1,2,3,16,6,0,0,0,0.04,4.0,Cold
54,6,3,0,0,3,1,3,14,10,0,0,0,0.01,1.0,Cold
3,16,30,0,7,4,0,1,25,24,1,0,1,0.95,95.0,Very Hot
50,16,17,0,3,3,2,1,4,22,0,0,0,0.03,3.0,Cold
12,1,37,0,2,2,1,1,29,18,1,0,0,0.11,11.0,Cold
65,5,23,1,3,1,0,1,56,18,0,1,0,0.12,12.0,Cold
54,13,22,0,4,1,3,2,6,14,1,0,0,0.08,8.0,Cold
5,5,21,0,0,3,1,3,1,16,0,0,0,0.01,1.0,Cold
57,1,1,0,0,4,1,1,39,7,0,1,0,0.01,1.0,Cold
17,0,30,0,2,3,0,1,1,1,0,0,0,0.02,2.0,Cold
47,9,10,1,5,2,1,2,63,17,0,0,0,0.1,10.0,Cold
23,4,27,0,0,4,2,0,57,23,1,0,0,0.02,2.0,Cold
79,1,45,0,1,4,1,1,67,25,1,0,0,0.28,28.0,Warm
85,15,31,1,6,3,4,2,65,5,0,0,0,0.22,22.0,Cold
14,1,4,1,0,2,2,2,65,27,1,1,0,0.03,3.0,Cold
66,9,37,0,6,4,0,0,21,1,0,0,0,0.14,14.0,Cold
75,1,9,0,3,1,2,3,30,21,1,1,0,0.03,3.0,Cold
51,15,39,0,9,2,4,3,33,27,0,0,1,0.93,93.0,Very Hot
38,15,45,0,5,4,4,3,48,17,1,1,1,0.95,95.0,Very Hot
64,18,23,1,7,3,1,1,22,10,0,1,1,0.77,77.0,Very Hot
38,6,34,0,8,4,1,3,54,12,0,1,0,0.2,20.0,Cold
50,11,43,0,5,1,3,1,4,25,0,0,1,0.97,97.0,Very Hot
82,14,47,0,8,2,2,1,55,20,0,1,1,0.87,87.0,Very Hot
30,7,22,0,3,4,3,2,44,25,0,1,0,0.0,0.0,
79,5,16,0,5,1,4,3,12,2,0,1,0,0.0,0.0,
51,9,0,0,7,4,1,3,52,23,1,0,0,0.06,6.0,Cold
63,2,30,0,8,4,1,3,65,16,1,0,0,0.04,4.0,Cold
52,18,30,0,2,2,1,1,65,15,1,0,0,0.08,8.0,Cold
38,16,41,0,1,3,0,1,10,28,1,0,1,0.88,88.0,Very Hot
88,6,41,0,5,3,4,3,18,13,1,1,1,0.72,72.0,Hot
79,19,33,0,3,1,1,1,47,18,1,1,1,0.43,43.0,Warm
30,3,8,0,0,1,4,1,66,28,1,1,0,0.03,3.0,Cold
51,13,21,0,7,1,1,0,49,20,0,0,0,0.17,17.0,Cold
81,19,12,0,8,2,2,0,22,22,1,0,1,0.81,81.0,Very Hot
5,14,24,0,8,3,4,3,26,14,1,0,1,0.9,90.0,Very Hot
29,7,47,0,1,1,3,3,9,18,1,0,1,0.89,89.0,Very Hot
4,14,17,1,8,1,0,0,21,2,0,1,1,0.86,86.0,Very Hot
10,19,11,1,6,4,3,1,63,2,0,0,0,0.06,6.0,Cold
56,13,39,1,4,4,4,1,6,3,1,1,1,0.95,95.0,Very Hot
17,8,16,0,6,1,1,2,14,5,1,0,0,0.01,1.0,Cold
74,7,14,1,8,4,4,3,33,25,0,1,1,0.78,78.0,Very Hot
17,16,41,0,7,4,0,3,71,16,0,0,1,0.84,84.0,Very Hot
84,1,14,0,5,4,4,3,24,22,0,0,0,0.01,1.0,Cold
88,2,14,0,3,2,1,2,51,15,0,0,0,0.01,1.0,Cold
69,7,38,1,0,1,3,2,2,12,0,0,0,0.16,16.0,Cold
34,11,12,0,5,1,2,1,15,9,1,1,0,0.03,3.0,Cold
6,0,16,0,2,4,3,0,35,26,1,1,0,0.06,6.0,Cold
53,9,31,1,5,2,1,0,36,14,1,0,1,0.86,86.0,Very Hot
66,19,8,1,5,4,1,0,39,29,0,0,0,0.13,13.0,Cold
77,2,39,0,3,2,0,1,4,21,1,1,1,0.83,83.0,Very Hot
43,5,19,0,1,1,4,0,64,16,0,0,0,0.0,0.0,
75,6,25,0,8,4,4,2,6,11,0,0,0,0.04,4.0,Cold
23,19,26,1,1,1,3,2,57,6,0,1,0,0.13,13.0,Cold
55,17,20,0,2,2,2,3,30,10,1,0,0,0.04,4.0,Cold
80,10,17,0,9,3,2,0,67,28,1,1,1,0.75,75.0,Hot
75,18,12,1,0,2,0,2,15,8,1,1,0,0.02,2.0,Cold
16,4,15,0,6,3,1,3,17,16,0,1,0,0.08,8.0,Cold
8,18,8,0,0,1,0,0,18,3,0,1,0,0.03,3.0,Cold
4,10,11,0,8,1,4,0,19,2,0,0,0,0.09,9.0,Cold
4,11,43,0,0,4,1,2,69,16,1,0,0,0.06,6.0,Cold
56,9,37,0,4,3,0,3,24,19,1,1,1,0.82,82.0,Very Hot
25,7,18,0,6,2,3,3,48,9,0,0,0,0.0,0.0,
67,8,6,0,2,1,4,2,30,16,0,1,0,0.0,0.0,
67,3,34,0,8,3,2,2,15,22,1,1,1,0.93,93.0,Very Hot
27,4,47,0,7,2,0,2,47,26,1,1,1,0.97,97.0,Very Hot
32,7,17,1,2,3,4,0,44,28,0,0,0,0.25,25.0,Cold
50,8,15,1,4,2,4,2,27,4,1,0,0,0.04,4.0,Cold
61,14,38,0,6,2,2,2,64,10,1,0,1,0.73,73.0,Hot
51,14,3,0,3,2,2,1,41,19,0,0,0,0.03,3.0,Cold
19,15,24,0,4,2,2,2,68,13,0,1,0,0.01,1.0,Cold
21,13,31,1,2,3,0,2,5,18,0,1,1,0.9,90.0,Very Hot
5,7,39,0,8,3,2,0,53,15,0,1,1,0.91,91.0,Very Hot
82,17,12,1,9,4,3,3,8,4,1,0,1,0.39,39.0,Warm
42,9,44,0,8,3,4,0,22,9,0,0,1,0.94,94.0,Very Hot
61,19,16,1,6,3,2,1,7,4,0,0,0,0.04,4.0,Cold
22,5,48,1,9,4,4,2,22,29,0,0,1,0.96,96.0,Very Hot
21,11,36,1,1,3,1,2,46,16,0,0,0,0.2,20.0,Cold
70,1,5,0,6,2,1,2,30,28,1,0,0,0.03,3.0,Cold
1,6,18,0,6,1,2,2,16,21,0,0,0,0.06,6.0,Cold
5,15,12,0,4,1,4,2,5,15,0,0,0,0.08,8.0,Cold
12,2,25,0,8,4,1,2,67,24,1,1,1,0.74,74.0,Hot
46,12,13,0,2,3,2,1,23,2,0,0,0,0.0,0.0,
34,2,30,0,3,3,4,2,61,28,1,1,0,0.12,12.0,Cold
49,17,3,0,0,4,2,2,5,27,0,0,0,0.05,5.0,Cold
78,10,38,0,5,1,4,2,23,14,1,0,1,0.74,74.0,Hot
45,7,7,0,3,2,1,1,25,3,1,0,0,0.0,0.0,
27,5,24,0,0,3,2,2,8,22,0,1,0,0.01,1.0,Cold
73,0,12,1,1,4,1,1,21,28,1,0,0,0.05,5.0,Cold
26,0,31,0,2,2,2,0,2,23,0,0,0,0.04,4.0,Cold
47,7,37,0,8,4,0,2,22,4,1,1,1,0.85,85.0,Very Hot
86,4,37,0,7,4,1,3,68,1,0,0,0,0.14,14.0,Cold
56,15,27,1,6,4,1,1,64,23,1,0,1,0.95,95.0,Very Hot
63,10,29,0,3,1,3,0,19,28,0,0,0,0.13,13.0,Cold
48,4,2,0,0,1,1,1,53,9,1,0,0,0.0,0.0,
61,3,27,0,7,4,4,1,52,17,1,1,0,0.19,19.0,Cold
81,5,2,0,3,3,2,0,47,14,1,1,0,0.0,0.0,
26,13,44,0,2,2,0,2,54,17,0,0,0,0.16,16.0,Cold
36,18,33,1,8,3,4,2,44,1,0,0,1,0.79,79.0,Very Hot
1,8,15,1,9,1,4,1,7,10,0,1,1,0.74,74.0,Hot
8,11,21,0,3,2,4,0,1,23,0,0,0,0.09,9.0,Cold
52,10,31,0,3,4,4,2,63,16,0,1,0,0.03,3.0,Cold
79,13,37,0,8,3,0,1,39,27,0,0,1,0.96,96.0,Very Hot
47,15,7,0,1,3,3,3,19,25,0,1,0,0.0,0.0,
56,0,7,0,4,4,1,0,31,19,0,1,0,0.0,0.0,
86,12,5,0,3,3,4,3,24,24,0,1,0,0.01,1.0,Cold
14,12,13,1,8,1,1,3,69,25,0,0,1,0.82,82.0,Very Hot
28,1,31,1,4,4,1,1,65,3,0,1,0,0.07,7.0,Cold
87,3,34,0,8,3,4,0,33,28,1,1,1,0.94,94.0,Very Hot
78,5,9,0,8,4,3,2,59,12,0,1,0,0.0,0.0,
88,4,2,0,1,2,1,2,33,3,0,0,0,0.0,0.0,
2,2,11,0,8,4,2,1,32,15,0,1,0,0.06,6.0,Cold
26,0,48,0,2,3,1,2,59,17,0,0,0,0.05,5.0,Cold
14,3,30,0,3,1,4,2,41,18,1,0,0,0.12,12.0,Cold
59,19,28,1,0,4,0,3,12,7,0,1,0,0.18,18.0,Cold
56,1,4,1,0,4,1,3,11,19,0,0,0,0.03,3.0,Cold
7,4,24,0,0,3,3,0,19,7,1,1,0,0.02,2.0,Cold
3,2,40,0,8,1,2,3,54,5,1,1,1,0.87,87.0,Very Hot
23,8,30,0,7,1,2,2,57,26,0,1,1,0.87,87.0,Very Hot
18,19,20,0,4,2,0,0,42,8,0,1,0,0.05,5.0,Cold
38,5,19,0,4,2,0,0,71,21,0,0,0,0.01,1.0,Cold
15,17,38,0,8,3,1,1,31,16,0,0,1,0.99,99.0,Very Hot
64,5,21,0,2,1,4,3,52,16,0,0,0,0.01,1.0,Cold
89,18,3,0,2,1,3,0,2,19,1,0,0,0.05,5.0,Cold
28,11,12,1,6,2,2,2,38,25,0,0,0,0.21,21.0,Cold
74,10,44,0,8,2,0,0,32,15,1,1,1,0.98,98.0,Very Hot
39,1,41,0,5,3,3,0,10,7,0,0,0,0.15,15.0,Cold
57,14,49,0,1,1,4,1,8,5,0,0,0,0.61,61.0,Hot
17,11,48,0,0,4,2,2,20,23,1,1,1,0.91,91.0,Very Hot
86,11,19,0,1,2,2,2,20,11,0,0,0,0.0,0.0,
44,8,12,1,0,3,4,3,9,10,0,0,0,0.0,0.0,
25,1,16,1,9,1,2,2,15,25,0,0,1,0.75,75.0,Hot
17,2,35,0,9,1,4,0,63,21,0,1,1,0.63,63.0,Hot
13,11,32,0,8,2,2,2,21,23,0,1,1,0.87,87.0,Very Hot
84,15,0,0,9,3,1,2,5,27,0,1,0,0.11,11.0,Cold
25,0,14,0,7,4,4,0,35,9,0,0,0,0.0,0.0,
68,2,12,1,6,2,3,1,68,1,0,1,0,0.06,6.0,Cold
10,19,16,0,2,3,1,3,48,20,1,1,0,0.24,24.0,Cold
67,1,23,0,7,1,3,3,62,1,0,0,0,0.01,1.0,Cold
18,8,7,0,1,4,2,1,35,8,0,0,0,0.0,0.0,
86,18,49,0,1,3,3,0,70,3,1,1,0,0.15,15.0,Cold
34,14,26,1,9,4,1,3,21,2,1,0,1,0.56,56.0,Hot
8,17,44,0,2,3,4,1,39,4,0,1,1,0.91,91.0,Very Hot
40,10,22,1,6,3,0,1,34,27,0,0,1,0.85,85.0,Very Hot
83,15,45,0,0,3,3,1,15,19,1,1,1,0.88,88.0,Very Hot
42,16,7,1,7,3,0,3,6,11,0,0,0,0.07,7.0,Cold
41,4,7,0,6,4,3,3,66,5,1,0,0,0.0,0.0,
6,11,25,0,3,2,3,3,56,29,1,0,1,0.77,77.0,Very Hot
52,10,46,1,4,4,4,3,49,24,0,1,1,0.97,97.0,Very Hot
26,14,12,0,9,3,2,2,1,10,0,1,1,0.39,39.0,Warm
64,2,38,0,0,4,1,1,65,24,1,1,0,0.22,22.0,Cold
59,0,36,0,3,4,1,2,28,27,0,1,0,0.28,28.0,Warm
56,19,48,1,0,4,1,1,20,23,0,0,1,0.92,92.0,Very Hot
59,15,27,0,0,3,2,3,48,8,0,1,0,0.04,4.0,Cold
70,1,24,1,9,4,0,3,65,13,1,0,0,0.29,29.0,Warm
33,1,15,0,0,1,1,2,51,29,0,0,0,0.0,0.0,
53,2,1,0,6,3,0,0,43,5,1,0,0,0.02,2.0,Cold
22,7,17,1,6,4,2,3,49,26,1,0,1,0.74,74.0,Hot
21,14,16,0,3,1,2,0,25,26,0,0,0,0.07,7.0,Cold
70,6,29,1,1,4,4,1,41,27,1,0,0,0.16,16.0,Cold
70,5,38,1,2,2,1,2,71,12,0,0,0,0.06,6.0,Cold
4,8,12,0,7,4,4,0,64,27,1,1,1,0.76,76.0,Very Hot
75,19,31,0,7,4,1,0,61,13,0,0,0,0.19,19.0,Cold
62,0,49,0,5,2,2,3,12,22,0,0,1,0.87,87.0,Very Hot
62,7,28,1,9,3,2,0,69,8,1,1,1,0.85,85.0,Very Hot
24,2,45,1,8,2,3,0,14,15,0,0,1,0.9,90.0,Very Hot
55,3,29,0,8,3,3,1,34,13,1,1,1,0.76,76.0,Very Hot
9,14,17,0,3,2,2,2,48,1,1,1,0,0.01,1.0,Cold
3,5,12,0,0,4,2,3,61,22,0,0,0,0.0,0.0,
31,14,42,1,0,4,0,3,35,6,0,0,0,0.22,22.0,Cold
40,2,20,0,9,3,0,0,65,11,1,0,0,0.03,3.0,Cold
36,13,29,0,4,3,4,1,59,13,0,0,0,0.03,3.0,Cold
24,19,20,0,1,1,3,0,36,21,1,0,0,0.31,31.0,Warm
6,13,47,1,5,1,3,0,19,20,1,0,1,0.99,99.0,Very Hot
66,3,16,0,6,4,2,3,42,1,1,0,0,0.01,1.0,Cold
84,11,39,0,0,4,2,0,69,11,1,1,0,0.09,9.0,Cold
75,16,18,0,5,1,4,0,19,26,0,0,0,0.11,11.0,Cold
4,6,14,0,7,1,3,1,39,11,1,1,0,0.01,1.0,Cold
79,8,8,1,4,3,0,3,69,8,1,0,0,0.0,0.0,
6,2,9,1,6,2,1,2,52,22,1,1,0,0.11,11.0,Cold
51,12,43,0,9,3,4,1,12,3,0,0,1,0.93,93.0,Very Hot
62,14,30,0,5,1,1,1,47,28,0,1,1,0.94,94.0,Very Hot
57,17,22,0,3,4,0,1,36,19,1,0,0,0.07,7.0,Cold
66,18,29,0,6,1,0,3,63,12,0,1,0,0.16,16.0,Cold
79,0,32,1,9,4,1,0,51,6,0,0,0,0.39,39.0,Warm
75,5,8,0,8,4,4,2,43,28,0,0,0,0.05,5.0,Cold
8,1,46,0,9,4,1,3,34,23,0,0,1,0.87,87.0,Very Hot
26,13,0,0,9,4,4,0,49,8,0,0,0,0.01,1.0,Cold
51,5,43,0,6,2,4,1,18,5,0,0,0,0.22,22.0,Cold
45,13,34,0,4,1,2,3,61,10,0,0,0,0.09,9.0,Cold
44,3,10,0,6,3,3,0,57,22,1,0,0,0.0,0.0,
5,7,33,0,2,4,3,2,5,16,0,0,0,0.21,21.0,Cold
70,2,15,1,1,4,0,2,24,12,0,1,0,0.0,0.0,
26,18,8,0,4,3,2,0,64,17,0,1,0,0.02,2.0,Cold
68,13,31,0,3,3,3,3,59,6,0,0,0,0.01,1.0,Cold
19,19,14,1,4,4,4,1,38,9,1,1,1,0.19,19.0,Cold
84,16,11,0,7,3,4,0,33,10,1,1,0,0.12,12.0,Cold
20,7,32,1,3,3,1,1,10,20,0,0,1,0.87,87.0,Very Hot
12,13,44,0,8,2,1,2,37,14,0,0,1,0.95,95.0,Very Hot
47,5,13,0,6,3,4,0,11,14,1,0,0,0.02,2.0,Cold
1,15,7,0,9,1,4,2,24,26,0,1,1,0.83,83.0,Very Hot
14,18,7,0,6,1,1,1,71,29,0,0,0,0.1,10.0,Cold
64,13,26,0,7,1,3,1,21,17,0,1,1,0.79,79.0,Very Hot
38,18,11,1,5,4,0,0,20,27,0,1,1,0.48,48.0,Warm
37,2,0,0,7,1,1,0,10,25,0,0,0,0.01,1.0,Cold
11,9,42,0,2,2,3,0,47,16,0,0,0,0.33,33.0,Warm
77,18,39,0,9,1,3,2,47,4,0,1,1,0.89,89.0,Very Hot
3,8,41,0,9,4,3,1,15,2,0,0,1,0.87,87.0,Very Hot
33,19,10,0,0,2,2,1,44,16,0,0,0,0.0,0.0,
6,12,38,0,5,1,2,2,62,1,0,0,0,0.15,15.0,Cold
50,6,42,1,0,2,3,0,6,3,0,1,0,0.17,17.0,Cold
10,13,30,1,8,2,4,3,66,23,0,0,1,0.92,92.0,Very Hot
5,8,16,0,1,4,2,0,4,11,0,1,0,0.0,0.0,
23,18,32,0,1,4,1,3,23,16,1,0,1,0.32,32.0,Warm
10,14,31,1,6,2,2,3,13,26,1,0,1,0.96,96.0,Very Hot
44,19,28,1,1,1,4,2,31,18,0,1,1,0.77,77.0,Very Hot
2,13,20,0,9,4,0,1,16,15,0,1,1,0.8,80.0,Very Hot
13,5,20,1,7,2,2,1,41,9,1,0,0,0.09,9.0,Cold
40,3,39,0,5,3,3,1,1,12,0,1,0,0.18,18.0,Cold
2,7,22,1,6,3,3,1,12,29,0,0,1,0.94,94.0,Very Hot
84,16,5,0,6,4,3,2,56,27,1,1,0,0.09,9.0,Cold
65,8,21,0,5,1,0,3,50,18,1,0,0,0.03,3.0,Cold
63,0,49,1,9,3,4,1,20,5,0,1,1,0.89,89.0,Very Hot
73,19,37,0,8,3,1,3,66,24,0,1,1,0.93,93.0,Very Hot
17,13,36,0,8,3,4,2,36,29,1,0,1,1.0,100.0,Very Hot
9,10,44,0,6,1,0,0,38,29,0,1,1,0.97,97.0,Very Hot
75,2,7,1,8,1,3,2,22,28,1,1,1,0.81,81.0,Very Hot
15,8,40,1,9,4,4,1,61,26,0,0,1,0.96,96.0,Very Hot
24,13,48,1,2,4,1,0,50,8,0,1,1,0.79,79.0,Very Hot
38,8,34,0,2,3,3,2,59,3,0,1,0,0.0,0.0,
35,3,10,1,0,1,1,2,20,2,1,1,0,0.04,4.0,Cold
49,3,23,0,4,2,2,3,36,25,1,1,0,0.05,5.0,Cold
69,7,48,0,3,3,1,2,15,19,0,0,0,0.52,52.0,Hot
62,1,20,1,1,4,3,0,62,8,1,1,0,0.03,3.0,Cold
60,8,1,0,8,1,2,2,3,2,0,1,0,0.06,6.0,Cold
50,13,39,0,2,4,3,1,5,19,1,0,1,0.93,93.0,Very Hot
78,8,18,0,7,4,3,3,56,1,1,0,0,0.03,3.0,Cold
75,15,38,0,5,1,2,0,31,27,0,0,1,0.97,97.0,Very Hot
9,16,27,1,4,3,1,0,35,22,0,1,1,0.92,92.0,Very Hot
34,15,16,0,0,1,0,2,71,13,1,1,0,0.01,1.0,Cold
76,11,5,1,3,3,0,1,70,23,1,0,0,0.03,3.0,Cold
35,2,18,0,2,4,0,3,26,20,0,0,0,0.0,0.0,
1,10,37,0,0,1,0,0,1,17,0,0,0,0.14,14.0,Cold
40,13,27,0,4,2,4,3,7,3,1,0,0,0.11,11.0,Cold
64,17,1,1,5,3,0,2,36,9,0,1,0,0.04,4.0,Cold
22,4,37,0,1,2,2,1,25,5,0,0,0,0.0,0.0,
60,15,36,1,2,3,0,2,59,6,0,1,0,0.53,53.0,Hot
64,19,3,0,5,1,3,3,61,4,1,1,0,0.02,2.0,Cold
72,4,21,0,3,2,0,2,29,17,0,1,0,0.0,0.0,
11,2,25,0,8,1,1,3,18,21,0,0,0,0.11,11.0,Cold
14,11,48,1,4,3,2,0,41,21,0,1,1,0.98,98.0,Very Hot
60,0,42,1,3,3,2,0,19,21,1,0,1,0.87,87.0,Very Hot
30,8,35,0,1,3,4,2,4,16,1,1,1,0.73,73.0,Hot
35,8,12,0,5,3,3,0,65,16,1,1,0,0.05,5.0,Cold
85,3,31,0,9,4,2,3,41,22,0,0,0,0.16,16.0,Cold
37,2,16,1,1,3,1,0,15,11,1,0,0,0.02,2.0,Cold
5,16,40,0,6,2,0,1,54,2,1,0,1,0.93,93.0,Very Hot
83,1,35,1,2,3,2,1,64,17,1,1,0,0.12,12.0,Cold
78,0,45,1,8,1,1,2,15,15,1,0,1,0.92,92.0,Very Hot
26,7,18,0,4,4,0,2,50,18,0,1,0,0.02,2.0,Cold
62,12,34,1,7,2,4,2,22,29,1,0,1,0.97,97.0,Very Hot
4,14,45,0,5,4,2,2,18,10,1,1,1,0.96,96.0,Very Hot
89,7,39,0,9,4,2,3,2,6,1,0,1,0.9,90.0,Very Hot
42,11,27,0,7,4,1,3,36,21,0,0,0,0.62,62.0,Hot
89,11,0,0,2,1,3,1,20,16,0,0,0,0.01,1.0,Cold
18,13,41,1,2,4,4,3,16,5,1,1,1,0.91,91.0,Very Hot
40,14,17,0,4,4,3,0,67,12,0,1,0,0.02,2.0,Cold
72,14,47,0,9,3,2,1,30,28,0,0,1,1.0,100.0,Very Hot
39,8,39,0,2,1,3,2,55,6,1,0,0,0.06,6.0,Cold
14,18,32,0,7,2,0,2,66,14,0,0,1,0.52,52.0,Hot
32,19,11,0,9,2,4,3,26,26,0,1,1,0.62,62.0,Hot
51,7,7,0,7,2,3,1,57,23,1,0,0,0.01,1.0,Cold
38,18,23,0,1,1,0,3,69,16,0,1,0,0.05,5.0,Cold
23,5,15,1,3,2,1,3,2,25,0,1,0,0.11,11.0,Cold
63,19,49,1,9,1,3,3,56,7,0,1,1,0.99,99.0,Very Hot
15,18,3,0,0,3,4,1,62,2,0,1,0,0.04,4.0,Cold
25,3,37,1,3,3,0,2,34,6,0,0,0,0.29,29.0,Warm
17,6,43,0,3,1,3,0,56,9,0,1,0,0.26,26.0,Warm
66,3,26,0,9,2,1,2,55,7,0,0,0,0.04,4.0,Cold
78,11,8,0,8,1,3,1,20,2,0,0,0,0.01,1.0,Cold
53,12,46,0,2,1,0,2,50,19,0,1,1,0.83,83.0,Very Hot
51,2,15,0,1,4,3,2,25,8,1,0,0,0.0,0.0,
39,11,11,1,8,1,4,0,25,11,0,0,0,0.3,30.0,Warm
51,1,30,0,8,4,2,2,53,25,1,0,0,0.39,39.0,Warm
70,1,23,1,0,3,0,2,14,4,0,0,0,0.03,3.0,Cold
6,8,13,0,5,4,0,2,60,16,1,0,0,0.08,8.0,Cold
67,0,44,1,9,1,0,3,43,25,1,0,1,0.94,94.0,Very Hot
7,7,24,0,7,3,0,1,62,18,0,0,0,0.08,8.0,Cold
51,5,33,0,2,4,3,1,69,13,0,1,0,0.01,1.0,Cold
72,5,2,0,8,1,4,0,63,27,0,1,0,0.06,6.0,Cold
42,17,23,0,1,3,1,3,2,5,1,1,0,0.09,9.0,Cold
64,16,41,0,5,4,4,3,54,27,0,1,1,0.91,91.0,Very Hot
15,11,8,1,0,1,0,2,16,2,1,1,0,0.02,2.0,Cold
29,5,25,0,6,1,3,1,55,11,0,1,0,0.01,1.0,Cold
33,7,19,1,2,2,3,0,43,1,0,1,0,0.01,1.0,Cold
27,18,39,0,6,2,0,3,61,13,0,1,1,0.93,93.0,Very Hot
36,9,9,1,3,4,3,2,38,5,1,0,0,0.0,0.0,
29,0,18,0,8,4,0,0,45,18,0,1,0,0.03,3.0,Cold
38,12,2,0,4,4,4,3,51,14,1,1,0,0.04,4.0,Cold
57,16,23,1,2,1,2,0,42,13,0,1,0,0.15,15.0,Cold
27,2,4,0,7,4,3,3,24,7,0,0,0,0.01,1.0,Cold
55,7,2,0,5,1,0,0,30,8,1,0,0,0.01,1.0,Cold
33,13,26,0,1,4,0,3,37,18,1,0,0,0.1,10.0,Cold
68,2,15,0,2,1,3,3,53,7,0,1,0,0.0,0.0,
86,15,48,0,7,1,1,0,63,20,0,1,1,0.83,83.0,Very Hot
66,12,14,1,9,2,0,3,11,17,1,0,1,0.54,54.0,Hot
10,19,34,0,6,3,3,3,23,16,0,0,1,0.9,90.0,Very Hot
5,16,11,0,9,1,0,3,50,11,1,1,1,0.34,34.0,Warm
74,12,40,0,5,4,1,0,55,19,0,0,0,0.26,26.0,Warm
38,5,43,0,0,2,2,0,55,27,0,0,0,0.13,13.0,Cold
13,16,25,0,8,4,1,3,4,28,1,0,1,0.92,92.0,Very Hot
31,13,46,1,2,4,4,3,54,1,0,0,0,0.16,16.0,Cold
47,16,33,0,4,1,3,0,61,21,1,0,1,0.35,35.0,Warm
88,7,22,1,6,1,1,2,5,29,1,1,1,0.73,73.0,Hot
52,10,30,0,6,3,2,3,18,8,1,0,0,0.16,16.0,Cold
56,19,49,0,2,1,0,2,44,1,0,0,0,0.23,23.0,Cold
15,0,19,0,3,1,3,0,31,9,1,1,0,0.01,1.0,Cold
29,6,11,0,9,3,1,3,21,19,1,1,1,0.7,70.0,Hot
8,16,22,0,6,4,2,2,47,21,0,0,0,0.08,8.0,Cold
5,9,3,0,7,3,1,0,30,9,0,1,0,0.01,1.0,Cold
29,10,22,1,1,3,4,2,55,21,0,1,0,0.06,6.0,Cold
47,8,47,0,8,3,3,1,68,25,1,1,1,0.95,95.0,Very Hot
68,8,47,1,6,2,0,0,69,10,1,1,1,0.94,94.0,Very Hot
76,4,0,0,7,4,2,1,41,24,1,1,0,0.03,3.0,Cold
45,16,24,1,5,2,1,0,45,23,1,0,1,0.75,75.0,Hot
2,8,1,1,5,2,3,0,30,11,0,1,0,0.14,14.0,Cold
27,16,29,0,8,1,1,3,45,1,0,1,1,0.78,78.0,Very Hot
36,18,2,1,3,3,3,1,45,20,0,0,0,0.03,3.0,Cold
36,6,20,0,4,3,4,1,45,25,0,0,0,0.02,2.0,Cold
26,8,24,1,8,2,1,1,55,26,0,1,1,0.93,93.0,Very Hot
43,6,19,0,0,1,4,0,59,8,1,1,0,0.0,0.0,
27,12,48,0,3,1,2,1,5,20,1,0,1,0.98,98.0,Very Hot
69,10,21,1,6,1,4,1,32,12,0,0,0,0.1,10.0,Cold
20,13,20,0,8,4,3,3,6,1,1,1,1,0.8,80.0,Very Hot
11,18,32,0,9,2,2,2,26,10,0,0,1,0.93,93.0,Very Hot
74,10,37,1,5,4,1,2,37,4,0,1,1,0.81,81.0,Very Hot
38,12,14,0,7,1,1,1,13,15,1,0,0,0.02,2.0,Cold
6,13,45,0,8,1,3,1,69,19,0,0,1,0.93,93.0,Very Hot
72,12,14,0,9,1,0,1,25,6,1,1,0,0.07,7.0,Cold
23,0,45,0,3,3,0,1,13,27,1,0,1,0.84,84.0,Very Hot
47,7,24,1,0,2,1,2,20,5,1,0,0,0.09,9.0,Cold
46,11,20,0,7,3,3,3,60,5,0,0,0,0.02,2.0,Cold
12,18,23,0,1,4,0,0,21,18,0,0,0,0.14,14.0,Cold
13,11,4,0,0,3,4,1,61,28,0,1,0,0.08,8.0,Cold
62,7,5,1,6,2,1,1,26,3,1,1,0,0.02,2.0,Cold
82,7,48,0,9,3,4,2,54,27,1,0,1,0.94,94.0,Very Hot
89,12,42,0,8,1,3,1,42,22,0,0,1,0.84,84.0,Very Hot
60,11,47,1,8,4,4,3,11,2,1,0,1,0.98,98.0,Very Hot
43,15,43,0,2,4,0,3,37,4,0,1,0,0.64,64.0,Hot
76,0,46,0,5,1,0,1,11,18,0,0,0,0.64,64.0,Hot
68,12,22,0,6,1,2,2,27,9,1,1,0,0.06,6.0,Cold
5,6,3,0,9,1,1,1,34,19,1,1,0,0.09,9.0,Cold
37,4,26,0,8,2,3,1,38,26,0,1,1,0.77,77.0,Very Hot
72,7,17,0,1,3,1,2,61,10,0,1,0,0.0,0.0,
31,13,20,1,7,4,4,3,53,22,0,1,1,0.79,79.0,Very Hot
9,12,27,0,6,3,3,0,65,15,0,1,0,0.18,18.0,Cold
51,14,34,1,3,1,3,1,3,1,1,1,1,0.89,89.0,Very Hot
29,16,21,0,1,1,0,3,67,29,0,0,0,0.07,7.0,Cold
78,14,39,1,7,3,4,1,28,11,0,1,1,0.98,98.0,Very Hot
40,19,22,1,4,4,0,0,14,14,0,0,1,0.37,37.0,Warm
41,17,2,0,5,2,0,2,52,10,1,1,0,0.01,1.0,Cold
86,17,39,0,6,3,2,3,30,19,1,1,1,0.97,97.0,Very Hot
11,1,49,0,9,1,0,0,58,24,1,1,1,0.97,97.0,Very Hot
23,3,9,1,0,1,1,1,54,21,0,1,0,0.02,2.0,Cold
1,0,24,1,7,2,3,0,69,16,1,0,0,0.2,20.0,Cold
46,3,48,0,3,3,0,3,15,8,0,1,0,0.19,19.0,Cold
21,17,7,0,8,2,1,2,38,2,1,0,0,0.05,5.0,Cold
36,4,10,0,0,2,4,1,14,23,1,0,0,0.03,3.0,Cold
54,18,4,1,1,4,3,2,57,25,0,0,0,0.14,14.0,Cold
87,14,44,0,5,4,4,2,59,7,0,0,0,0.21,21.0,Cold
57,7,36,0,9,1,1,0,8,19,0,1,1,0.92,92.0,Very Hot
1,19,44,0,0,3,4,0,19,7,0,1,1,0.74,74.0,Hot
63,16,37,0,3,4,4,3,32,15,0,1,1,0.75,75.0,Hot
54,0,28,1,7,1,4,3,29,8,1,0,0,0.17,17.0,Cold
55,11,4,0,9,3,0,2,41,14,0,1,0,0.16,16.0,Cold
40,18,8,0,4,1,0,3,45,1,1,1,0,0.05,5.0,Cold
15,14,47,0,8,4,0,2,13,29,1,1,1,0.99,99.0,Very Hot
21,8,1,0,5,1,3,1,27,13,1,1,0,0.01,1.0,Cold
47,6,0,0,0,3,1,2,19,3,0,1,0,0.0,0.0,
73,1,39,1,5,3,0,3,26,21,0,0,1,0.92,92.0,Very Hot
53,8,29,1,5,1,4,3,53,28,0,1,1,0.89,89.0,Very Hot
9,9,10,0,5,3,4,2,51,6,0,1,0,0.02,2.0,Cold
74,1,27,0,7,1,4,0,37,19,1,1,0,0.13,13.0,Cold
52,18,43,1,5,3,4,2,9,15,0,0,1,0.92,92.0,Very Hot
57,10,11,0,4,1,2,2,52,4,0,1,0,0.0,0.0,
26,12,38,0,1,1,3,0,54,21,0,0,0,0.17,17.0,Cold
41,9,25,1,3,1,1,1,3,3,1,1,1,0.7,70.0,Hot
35,13,12,1,9,2,1,0,69,4,0,1,0,0.14,14.0,Cold
63,17,7,1,4,3,0,3,8,5,0,0,0,0.03,3.0,Cold
25,18,27,1,9,4,2,0,14,18,0,0,1,0.96,96.0,Very Hot
75,8,29,1,3,1,1,3,3,26,0,1,1,0.91,91.0,Very Hot
38,6,8,0,1,2,3,3,24,25,1,1,0,0.02,2.0,Cold
2,2,38,0,6,4,4,2,13,10,0,1,1,0.92,92.0,Very Hot
7,19,30,0,9,1,0,2,43,8,1,0,1,0.88,88.0,Very Hot
82,5,20,0,9,4,3,1,29,12,0,1,0,0.0,0.0,
34,1,46,0,1,2,1,3,51,22,0,0,0,0.14,14.0,Cold
17,5,33,0,0,4,2,2,42,26,0,1,0,0.01,1.0,Cold
43,2,30,0,4,1,0,3,31,27,0,0,0,0.12,12.0,Cold
59,15,24,0,0,4,1,1,63,3,1,1,0,0.01,1.0,Cold
51,7,11,0,0,4,0,3,26,27,0,0,0,0.01,1.0,Cold
54,1,0,0,0,1,1,1,18,18,1,1,0,0.02,2.0,Cold
24,16,21,0,5,2,4,1,57,23,0,1,0,0.11,11.0,Cold
25,8,39,1,8,2,2,1,7,8,1,1,1,0.96,96.0,Very Hot
71,11,36,0,9,4,4,2,48,26,1,0,1,0.92,92.0,Very Hot
52,2,46,0,0,3,1,0,60,1,1,1,0,0.06,6.0,Cold
70,10,0,1,4,4,3,0,33,14,0,0,0,0.03,3.0,Cold
88,0,0,0,8,3,4,2,3,22,1,0,0,0.02,2.0,Cold
33,12,41,0,8,4,3,3,4,23,1,1,1,0.97,97.0,Very Hot
49,14,41,0,0,2,1,2,4,13,0,1,0,0.21,21.0,Cold
29,4,20,0,7,4,2,3,42,25,0,0,0,0.08,8.0,Cold
63,16,14,1,0,4,3,1,9,12,0,0,0,0.03,3.0,Cold
22,5,16,0,7,3,1,2,51,3,0,1,0,0.01,1.0,Cold
26,10,21,0,0,2,3,0,17,18,0,1,0,0.01,1.0,Cold
28,17,37,0,4,3,4,3,17,21,0,0,1,0.87,87.0,Very Hot
85,3,34,0,7,4,1,2,20,13,1,1,1,0.48,48.0,Warm
49,2,44,0,5,1,4,2,14,15,0,1,1,0.88,88.0,Very Hot
71,12,15,0,8,4,0,3,22,10,1,0,0,0.17,17.0,Cold
81,8,7,0,0,4,1,1,52,1,0,0,0,0.0,0.0,
84,5,46,0,8,3,3,1,27,29,1,1,1,0.99,99.0,Very Hot
49,11,16,0,0,1,0,1,43,6,0,1,0,0.01,1.0,Cold
20,1,16,0,9,1,4,1,3,9,1,1,0,0.04,4.0,Cold
86,2,25,0,9,3,4,3,8,10,0,0,0,0.05,5.0,Cold
63,2,12,1,2,2,3,0,10,15,0,0,0,0.02,2.0,Cold
61,11,16,0,0,1,0,2,29,9,1,0,0,0.0,0.0,
49,14,37,0,2,1,2,2,40,23,0,1,1,0.83,83.0,Very Hot
71,8,16,0,1,3,3,1,65,14,0,0,0,0.0,0.0,
1,7,47,0,1,2,4,3,21,11,0,1,1,0.82,82.0,Very Hot
13,10,13,1,8,2,1,0,24,7,1,0,1,0.66,66.0,Hot
87,15,44,0,7,4,0,0,60,24,0,0,1,0.89,89.0,Very Hot
51,3,5,1,0,4,2,2,26,26,1,0,0,0.03,3.0,Cold
56,0,34,0,3,3,1,1,9,2,0,0,0,0.01,1.0,Cold
83,6,45,1,0,2,0,2,20,14,0,1,0,0.17,17.0,Cold
62,1,13,0,0,3,3,2,56,6,1,0,0,0.0,0.0,
32,4,46,1,3,4,3,0,36,5,0,1,1,0.79,79.0,Very Hot
30,6,7,0,1,3,0,3,36,5,1,0,0,0.0,0.0,
29,3,14,0,2,3,2,0,22,29,0,0,0,0.11,11.0,Cold
49,4,26,0,8,1,0,2,1,19,0,0,0,0.07,7.0,Cold
45,0,12,0,1,1,1,1,69,19,0,0,0,0.0,0.0,
30,0,48,1,3,1,1,1,37,6,0,0,0,0.16,16.0,Cold
16,14,30,0,0,4,3,3,13,28,1,1,1,0.84,84.0,Very Hot
40,19,34,0,1,3,0,3,43,26,1,0,1,0.8,80.0,Very Hot
19,18,5,0,4,1,3,3,37,29,0,0,0,0.1,10.0,Cold
18,9,4,0,9,1,2,2,25,10,0,1,0,0.13,13.0,Cold
1,17,21,0,0,1,1,2,21,23,0,0,0,0.19,19.0,Cold
78,2,48,0,6,4,4,3,41,14,1,1,1,0.81,81.0,Very Hot
47,10,22,0,3,4,4,1,42,17,1,0,0,0.08,8.0,Cold
66,14,24,1,5,3,0,1,42,3,0,0,0,0.05,5.0,Cold
38,10,33,0,7,3,0,1,2,28,0,1,1,0.93,93.0,Very Hot
51,16,25,0,5,3,4,2,68,1,0,1,0,0.13,13.0,Cold
63,16,46,1,1,1,0,0,8,10,1,0,1,0.92,92.0,Very Hot
4,5,4,0,0,2,1,1,61,3,1,0,0,0.0,0.0,
1,4,25,0,7,4,2,1,14,5,0,0,0,0.1,10.0,Cold
8,7,19,0,7,1,2,1,21,25,0,0,0,0.07,7.0,Cold
29,1,5,0,8,1,3,3,24,19,0,1,0,0.06,6.0,Cold
55,15,5,0,5,3,1,2,50,10,0,0,0,0.01,1.0,Cold
3,19,49,1,0,3,0,3,45,26,1,1,1,0.86,86.0,Very Hot
32,11,17,0,8,1,0,3,64,25,0,0,0,0.06,6.0,Cold
10,5,3,0,2,4,3,0,64,16,1,1,0,0.02,2.0,Cold
74,0,16,1,5,4,3,3,26,1,0,1,0,0.06,6.0,Cold
83,3,13,1,9,1,0,0,32,6,0,1,0,0.06,6.0,Cold
34,16,13,0,9,2,0,3,57,9,1,0,0,0.04,4.0,Cold
87,12,12,0,8,2,1,1,53,28,0,1,0,0.18,18.0,Cold
55,17,6,0,2,4,3,2,33,5,1,1,0,0.05,5.0,Cold
32,4,43,1,4,3,1,3,52,27,0,1,1,0.88,88.0,Very Hot
50,2,14,1,4,2,0,0,18,14,0,1,0,0.04,4.0,Cold
7,10,18,0,9,2,4,2,35,10,1,1,1,0.8,80.0,Very Hot
8,12,42,0,6,3,4,0,12,2,0,1,1,0.92,92.0,Very Hot
65,3,46,0,3,2,0,1,51,5,0,0,0,0.06,6.0,Cold
57,13,43,1,3,1,3,3,10,1,1,1,1,0.93,93.0,Very Hot
67,10,34,0,6,2,4,2,52,25,0,1,1,0.89,89.0,Very Hot
88,9,16,0,8,3,3,1,34,10,0,0,0,0.07,7.0,Cold
87,18,34,1,3,1,4,3,67,29,1,0,1,0.74,74.0,Hot
59,17,18,0,3,2,3,3,39,26,0,1,0,0.07,7.0,Cold
72,5,19,0,5,4,4,0,8,25,0,0,0,0.03,3.0,Cold
54,14,35,0,5,1,3,0,29,22,0,0,1,0.99,99.0,Very Hot
67,9,34,0,6,1,1,1,22,27,0,0,1,0.93,93.0,Very Hot
51,4,31,0,0,4,3,0,70,9,1,1,0,0.05,5.0,Cold
8,4,47,0,2,4,1,1,61,3,0,1,0,0.06,6.0,Cold
34,9,43,0,8,2,1,1,43,15,0,1,1,0.94,94.0,Very Hot
35,4,39,1,5,2,0,1,49,4,0,1,0,0.23,23.0,Cold
88,2,23,0,5,3,1,0,29,13,0,1,0,0.02,2.0,Cold
78,5,16,0,4,3,2,2,31,6,1,0,0,0.0,0.0,
32,3,6,0,2,1,1,1,53,20,0,0,0,0.0,0.0,
46,17,42,1,4,4,3,2,34,17,1,0,1,0.91,91.0,Very Hot
16,8,49,1,0,4,1,3,38,23,0,0,1,0.78,78.0,Very Hot
68,16,0,0,2,3,3,0,57,5,1,1,0,0.01,1.0,Cold
37,12,34,0,3,1,3,0,4,15,0,1,1,0.79,79.0,Very Hot
54,14,31,0,4,1,2,2,2,8,0,1,0,0.34,34.0,Warm
85,19,35,0,9,3,1,3,12,25,1,1,1,0.99,99.0,Very Hot
14,16,12,0,8,3,1,3,35,5,0,1,0,0.03,3.0,Cold
55,12,5,1,3,3,4,1,70,24,0,1,0,0.08,8.0,Cold
48,15,13,1,2,2,4,0,21,13,0,0,0,0.12,12.0,Cold
82,3,36,0,9,1,0,3,61,1,0,0,0,0.11,11.0,Cold
7,4,47,1,0,1,3,3,35,1,1,1,1,0.44,44.0,Warm
74,4,14,1,9,1,2,1,48,7,0,0,0,0.03,3.0,Cold
7,8,46,0,5,3,4,1,15,22,1,0,1,0.95,95.0,Very Hot
33,16,3,0,6,3,1,2,71,5,0,1,0,0.01,1.0,Cold
23,12,39,1,9,3,0,0,15,14,1,0,1,0.99,99.0,Very Hot
85,1,15,0,7,3,2,3,6,15,0,0,0,0.01,1.0,Cold
19,12,27,1,0,4,1,2,68,21,1,1,1,0.79,79.0,Very Hot
19,18,15,1,3,3,1,0,22,25,0,1,1,0.73,73.0,Hot
36,2,3,0,4,2,3,2,32,17,0,0,0,0.0,0.0,
29,9,44,1,1,4,3,0,22,24,1,0,1,0.92,92.0,Very Hot
60,1,25,1,0,4,4,0,27,18,0,1,0,0.02,2.0,Cold
82,12,27,0,7,3,4,3,15,7,0,0,0,0.18,18.0,Cold
2,18,31,0,5,1,1,0,44,22,1,1,1,0.95,95.0,Very Hot
1,16,44,0,4,3,1,1,9,26,0,0,1,0.91,91.0,Very Hot
47,13,1,0,8,1,4,3,34,18,0,0,0,0.06,6.0,Cold
69,11,30,0,1,3,4,1,15,28,0,0,0,0.15,15.0,Cold
20,11,2,0,9,3,1,2,62,29,1,1,1,0.82,82.0,Very Hot
11,10,7,0,7,1,2,2,45,19,0,1,0,0.07,7.0,Cold
2,6,23,0,9,1,1,0,58,20,1,0,1,0.75,75.0,Hot
67,3,14,1,8,1,2,0,19,7,1,0,0,0.06,6.0,Cold
87,18,42,1,0,1,2,1,16,8,1,0,1,0.89,89.0,Very Hot
12,0,30,1,6,2,1,1,8,13,0,1,1,0.87,87.0,Very Hot
20,2,8,0,7,1,0,1,33,27,1,0,0,0.13,13.0,Cold
5,12,38,1,2,3,4,2,18,18,0,0,1,0.87,87.0,Very Hot
37,14,44,1,3,3,3,1,35,24,1,0,1,0.98,98.0,Very Hot
38,1,1,0,2,2,1,3,43,11,0,1,0,0.0,0.0,
9,10,7,0,6,1,2,3,50,9,1,1,0,0.02,2.0,Cold
53,3,6,0,8,3,1,2,3,23,0,1,0,0.15,15.0,Cold
44,18,43,1,2,2,4,1,59,1,0,0,0,0.61,61.0,Hot
86,16,38,0,5,3,2,1,28,22,0,0,1,0.94,94.0,Very Hot
24,2,41,0,7,2,3,0,46,8,0,0,0,0.13,13.0,Cold
81,17,15,0,5,2,3,3,64,21,0,0,0,0.15,15.0,Cold
74,7,34,0,1,4,3,2,70,12,0,1,0,0.01,1.0,Cold
30,18,29,0,6,4,0,1,47,2,0,0,0,0.09,9.0,Cold
59,4,9,0,1,1,2,0,14,15,1,0,0,0.0,0.0,
87,6,37,0,1,4,2,2,7,21,0,1,0,0.09,9.0,Cold
81,7,17,1,1,2,0,2,31,24,0,1,0,0.05,5.0,Cold
81,4,49,0,0,3,2,3,51,18,1,1,0,0.18,18.0,Cold
14,16,4,0,0,3,0,1,29,17,1,1,0,0.06,6.0,Cold
9,4,28,0,6,1,1,2,15,15,0,1,0,0.31,31.0,Warm
40,3,38,0,4,4,4,0,25,20,0,1,0,0.18,18.0,Cold
66,18,33,0,2,1,3,0,61,20,0,1,0,0.11,11.0,Cold
25,1,42,0,0,2,0,2,41,9,1,0,0,0.09,9.0,Cold
73,10,44,1,9,4,0,0,69,3,1,0,1,0.88,88.0,Very Hot
22,12,22,1,5,1,0,2,4,20,1,1,1,0.84,84.0,Very Hot
4,14,4,1,0,3,1,0,57,19,0,1,0,0.07,7.0,Cold
26,11,29,0,8,3,0,2,31,18,1,1,1,0.92,92.0,Very Hot
58,10,5,0,1,1,4,2,3,20,0,1,0,0.03,3.0,Cold
29,6,45,1,0,1,4,2,67,8,0,0,0,0.06,6.0,Cold
87,4,43,0,6,1,3,0,50,1,0,1,0,0.19,19.0,Cold
37,16,3,0,5,2,1,2,17,24,0,1,0,0.05,5.0,Cold
75,19,28,0,5,2,4,3,60,24,1,1,1,0.87,87.0,Very Hot
70,8,22,0,4,3,2,2,66,15,1,0,0,0.01,1.0,Cold
18,13,5,0,3,2,2,1,24,19,1,0,0,0.03,3.0,Cold
85,11,31,1,3,2,2,1,32,26,0,0,1,0.89,89.0,Very Hot
42,5,41,0,2,4,0,3,19,10,1,0,0,0.1,10.0,Cold
41,16,17,0,9,2,0,2,66,12,1,0,0,0.05,5.0,Cold
38,18,14,1,7,4,2,1,60,28,0,1,1,0.87,87.0,Very Hot
34,18,39,1,6,2,3,2,66,6,1,0,1,0.92,92.0,Very Hot
17,15,31,0,8,3,3,1,15,29,1,1,1,0.96,96.0,Very Hot
37,11,8,0,0,1,0,0,35,13,0,1,0,0.01,1.0,Cold
25,11,36,1,6,3,2,0,69,4,1,1,1,0.73,73.0,Hot
76,19,9,1,9,2,3,3,27,13,1,1,1,0.52,52.0,Hot
87,5,19,0,3,1,0,3,7,17,1,1,0,0.02,2.0,Cold
86,3,5,1,6,1,2,2,6,1,1,1,0,0.04,4.0,Cold
85,5,47,0,0,1,1,3,33,5,0,0,0,0.19,19.0,Cold
27,10,2,0,4,4,2,2,58,28,1,1,0,0.08,8.0,Cold
57,0,41,0,2,3,2,0,49,24,1,0,0,0.19,19.0,Cold
31,14,10,0,4,4,4,0,17,17,0,1,0,0.02,2.0,Cold
6,10,42,1,3,1,4,1,42,18,0,0,1,0.95,95.0,Very Hot
40,18,16,0,1,3,1,2,40,7,1,0,0,0.0,0.0,
12,17,31,0,3,3,1,0,46,16,0,0,0,0.06,6.0,Cold
53,16,3,0,2,2,2,0,71,8,1,1,0,0.0,0.0,
71,18,3,0,0,4,3,2,70,12,1,0,0,0.01,1.0,Cold
10,13,16,0,9,4,1,1,68,14,0,1,0,0.13,13.0,Cold
45,17,40,0,7,2,2,1,1,19,0,1,1,0.98,98.0,Very Hot
17,18,18,0,4,4,0,1,52,11,0,0,0,0.01,1.0,Cold
26,14,4,1,3,1,4,1,35,12,0,1,0,0.09,9.0,Cold
85,14,31,0,9,1,3,0,69,13,1,0,1,0.78,78.0,Very Hot
62,3,21,0,4,4,2,2,5,8,0,1,0,0.01,1.0,Cold
46,6,5,1,3,2,0,2,17,1,0,1,0,0.01,1.0,Cold
64,12,34,0,2,3,4,0,53,9,1,0,0,0.09,9.0,Cold
2,2,21,0,4,4,0,0,52,28,1,1,0,0.32,32.0,Warm
54,15,0,1,3,3,2,0,14,2,0,1,0,0.03,3.0,Cold
65,8,19,0,0,2,1,3,29,14,1,1,0,0.01,1.0,Cold
51,7,21,0,2,3,4,2,8,13,0,1,0,0.0,0.0,
53,19,47,0,9,2,0,2,1,16,1,1,1,0.96,96.0,Very Hot
36,12,10,0,9,2,1,2,29,2,0,0,0,0.04,4.0,Cold
26,16,12,1,7,1,3,1,36,4,0,0,0,0.21,21.0,Cold
29,16,41,0,6,1,2,0,51,12,1,0,1,0.96,96.0,Very Hot
21,16,2,1,1,2,2,0,37,16,0,1,0,0.03,3.0,Cold
11,0,8,1,0,4,4,0,69,10,0,0,0,0.0,0.0,
40,7,11,0,2,1,0,3,53,3,1,1,0,0.0,0.0,
11,18,22,0,4,2,3,2,52,4,1,0,0,0.03,3.0,Cold
36,5,13,0,9,3,4,0,12,6,0,0,0,0.03,3.0,Cold
59,2,32,0,0,3,4,3,52,23,1,0,0,0.03,3.0,Cold
39,4,17,0,2,4,0,0,1,5,1,1,0,0.0,0.0,
54,12,48,1,2,3,3,1,7,18,1,1,1,0.98,98.0,Very Hot
55,14,40,1,4,3,0,2,17,3,0,0,1,0.93,93.0,Very Hot
24,13,8,0,2,2,2,3,43,10,1,1,0,0.02,2.0,Cold
22,15,22,0,8,3,1,0,71,11,1,0,0,0.11,11.0,Cold
69,17,9,1,0,3,2,2,17,19,1,1,0,0.01,1.0,Cold
56,10,18,0,3,3,2,3,59,14,0,0,0,0.01,1.0,Cold
33,2,46,1,9,3,4,2,3,21,1,0,1,0.98,98.0,Very Hot
36,9,4,0,9,2,2,2,29,28,0,1,0,0.18,18.0,Cold
20,9,46,0,3,3,3,1,22,11,1,1,1,0.82,82.0,Very Hot
83,15,22,1,0,4,2,2,38,28,1,0,0,0.16,16.0,Cold
81,11,29,0,1,1,3,3,54,21,0,0,0,0.17,17.0,Cold
62,1,24,1,0,4,0,2,50,4,0,1,0,0.01,1.0,Cold
73,8,27,1,5,1,4,3,69,24,0,1,0,0.65,65.0,Hot
26,2,33,0,2,4,3,2,30,22,1,1,0,0.06,6.0,Cold
66,14,44,0,6,1,2,0,23,6,0,1,1,0.78,78.0,Very Hot
73,2,47,1,4,1,4,1,47,17,1,1,1,0.61,61.0,Hot
73,18,46,1,8,1,4,0,21,22,1,0,1,0.99,99.0,Very Hot
40,17,24,0,6,1,3,1,20,19,1,0,1,0.77,77.0,Very Hot
17,7,9,1,3,2,3,3,23,13,1,0,0,0.07,7.0,Cold
1,16,13,0,4,4,1,1,68,22,0,0,0,0.03,3.0,Cold
89,7,41,0,4,1,1,2,21,10,1,1,1,0.89,89.0,Very Hot
61,6,45,1,4,4,4,2,21,29,0,1,1,0.85,85.0,Very Hot
43,6,29,0,9,3,1,0,1,11,0,0,0,0.24,24.0,Cold
42,2,40,1,8,1,2,1,15,29,0,1,1,0.98,98.0,Very Hot
25,0,24,0,9,4,0,3,17,6,1,1,0,0.06,6.0,Cold
39,3,13,0,2,2,4,3,51,2,1,1,0,0.01,1.0,Cold
35,4,34,0,5,4,0,2,63,1,0,0,0,0.05,5.0,Cold
3,0,47,0,7,1,1,3,14,11,1,1,1,0.88,88.0,Very Hot
44,14,33,0,8,3,3,2,59,16,1,0,1,0.6,60.0,Hot
51,4,9,0,6,4,4,2,50,3,0,1,0,0.01,1.0,Cold
12,12,34,0,2,3,1,2,34,5,1,1,0,0.16,16.0,Cold
19,7,10,0,0,2,2,0,6,15,0,0,0,0.0,0.0,
44,7,10,0,3,4,4,0,49,15,0,0,0,0.0,0.0,
59,4,20,1,5,4,4,2,6,4,1,1,0,0.12,12.0,Cold
49,8,20,0,2,2,3,2,69,23,0,0,0,0.01,1.0,Cold
61,0,21,0,0,2,4,2,7,4,0,0,0,0.0,0.0,
17,3,44,0,5,2,3,3,51,8,1,1,1,0.86,86.0,Very Hot
74,2,6,0,0,1,1,2,1,7,1,0,0,0.03,3.0,Cold
57,1,16,0,8,1,2,2,13,26,1,0,0,0.05,5.0,Cold
55,7,1,0,0,4,2,1,43,25,0,1,0,0.01,1.0,Cold
47,8,11,0,5,4,4,1,27,17,0,0,0,0.0,0.0,
12,1,41,1,0,4,4,1,71,15,1,0,0,0.1,10.0,Cold
62,13,17,1,6,3,1,1,3,5,0,1,0,0.09,9.0,Cold
80,13,10,0,2,2,3,2,58,13,0,0,0,0.01,1.0,Cold
88,3,15,0,5,4,2,1,17,4,0,1,0,0.02,2.0,Cold
83,5,48,0,6,2,3,3,45,22,1,1,1,0.96,96.0,Very Hot
8,10,17,0,0,1,1,3,58,17,0,1,0,0.03,3.0,Cold
21,2,34,0,0,2,2,1,56,22,0,0,0,0.12,12.0,Cold
81,7,25,0,4,3,2,0,54,17,0,0,0,0.0,0.0,
87,2,15,0,5,3,0,3,29,14,0,1,0,0.0,0.0,
80,13,5,0,8,2,1,3,54,14,0,1,0,0.08,8.0,Cold
70,12,43,0,0,3,1,1,27,17,0,1,0,0.22,22.0,Cold
72,12,42,0,3,3,0,1,45,8,0,1,0,0.12,12.0,Cold
25,1,46,0,9,1,3,2,31,2,0,0,0,0.13,13.0,Cold
82,12,46,0,7,4,0,3,36,26,0,0,1,0.94,94.0,Very Hot
89,18,47,0,9,3,1,1,61,13,0,1,1,0.86,86.0,Very Hot
12,5,41,0,8,4,3,1,37,22,0,1,1,0.8,80.0,Very Hot
15,15,11,0,2,2,2,2,67,16,0,0,0,0.01,1.0,Cold
59,1,12,0,1,2,0,3,36,16,0,1,0,0.0,0.0,
26,7,3,0,3,3,3,1,5,6,0,0,0,0.0,0.0,
26,16,38,0,1,2,3,2,46,22,1,0,1,0.64,64.0,Hot
47,1,1,0,0,1,3,1,52,24,0,0,0,0.0,0.0,
32,9,25,0,2,3,0,0,49,4,1,1,0,0.09,9.0,Cold
10,15,26,0,6,3,2,0,6,3,0,1,1,0.71,71.0,Hot
16,5,26,0,0,3,3,1,10,6,0,1,0,0.02,2.0,Cold
71,1,14,0,1,2,0,3,23,4,1,1,0,0.0,0.0,
17,1,7,1,0,2,1,0,17,18,0,0,0,0.01,1.0,Cold
23,12,6,0,7,3,0,2,44,6,0,1,0,0.04,4.0,Cold
26,14,46,0,4,4,0,1,41,26,1,1,1,0.94,94.0,Very Hot
85,1,45,1,7,2,0,2,15,5,0,1,1,0.77,77.0,Very Hot
86,6,39,1,2,2,3,0,44,27,0,1,1,0.85,85.0,Very Hot
7,2,11,0,6,3,0,3,58,9,0,0,0,0.02,2.0,Cold
14,7,12,0,7,4,1,2,50,11,1,1,0,0.01,1.0,Cold
79,13,42,0,5,3,3,0,52,6,1,0,0,0.23,23.0,Cold
7,6,16,0,6,2,1,0,70,16,0,0,0,0.01,1.0,Cold
9,6,16,0,1,3,4,0,68,19,0,0,0,0.02,2.0,Cold
48,0,35,0,7,3,0,2,63,11,1,0,0,0.14,14.0,Cold
72,16,20,0,4,3,3,0,58,21,0,0,0,0.0,0.0,
59,8,7,1,6,4,3,1,23,15,0,0,0,0.07,7.0,Cold
87,12,4,1,0,3,0,0,44,26,1,0,0,0.08,8.0,Cold
82,18,25,0,4,2,2,1,44,24,0,0,0,0.04,4.0,Cold
39,18,15,0,0,3,2,3,52,9,1,0,0,0.0,0.0,
18,16,35,0,7,4,1,1,67,24,1,1,1,0.97,97.0,Very Hot
59,9,27,1,3,1,0,3,28,19,1,1,1,0.56,56.0,Hot
17,9,28,0,3,4,0,3,67,25,0,1,0,0.12,12.0,Cold
14,3,46,0,1,3,4,1,18,19,0,1,0,0.21,21.0,Cold
31,7,11,0,4,1,2,3,27,24,0,0,0,0.03,3.0,Cold
24,19,36,0,0,3,2,1,51,26,0,0,0,0.17,17.0,Cold
60,19,29,0,8,4,0,2,60,9,0,0,0,0.12,12.0,Cold
45,17,22,1,4,1,1,3,49,23,0,1,1,0.45,45.0,Warm
3,13,15,0,5,1,0,1,15,4,0,1,0,0.11,11.0,Cold
37,17,13,0,1,3,1,3,68,10,0,0,0,0.0,0.0,
43,13,9,0,9,3,2,0,15,9,0,0,0,0.05,5.0,Cold
40,19,6,0,9,4,4,1,51,19,0,1,0,0.15,15.0,Cold
55,14,44,1,0,3,3,0,48,15,0,0,1,0.86,86.0,Very Hot
87,3,36,1,3,1,2,3,1,19,0,1,1,0.86,86.0,Very Hot
39,12,28,1,6,2,1,3,7,2,1,1,1,0.61,61.0,Hot
15,7,2,1,5,2,0,2,53,10,1,1,0,0.03,3.0,Cold
4,17,14,0,9,4,2,1,31,19,0,1,1,0.81,81.0,Very Hot
86,11,35,0,0,3,4,0,18,17,0,0,0,0.09,9.0,Cold
25,13,46,0,0,4,1,2,12,20,0,1,1,0.91,91.0,Very Hot
13,1,45,1,7,2,0,3,48,24,0,1,1,0.93,93.0,Very Hot
82,17,18,0,3,2,3,3,30,21,0,1,0,0.02,2.0,Cold
33,1,12,0,4,3,1,2,7,2,1,1,0,0.01,1.0,Cold
16,10,41,1,6,1,0,0,3,19,0,1,1,0.98,98.0,Very Hot
42,8,20,0,7,3,3,3,63,17,1,1,0,0.05,5.0,Cold
66,11,36,0,9,2,0,3,6,18,0,0,1,0.91,91.0,Very Hot
55,16,26,0,6,1,3,1,15,17,0,0,0,0.24,24.0,Cold
42,14,28,0,1,4,3,2,71,2,0,0,0,0.02,2.0,Cold
34,16,19,0,3,2,3,3,43,19,1,1,0,0.05,5.0,Cold
30,17,24,1,9,4,0,0,18,1,0,1,1,0.6,60.0,Hot
13,5,5,0,0,1,3,1,22,11,0,0,0,0.0,0.0,
13,16,35,1,9,4,1,2,61,25,1,0,1,0.97,97.0,Very Hot
18,17,1,0,8,2,4,0,61,10,0,1,0,0.08,8.0,Cold
32,7,21,0,2,3,4,3,53,5,0,0,0,0.0,0.0,
39,8,31,1,2,4,3,2,26,16,0,0,0,0.14,14.0,Cold
46,5,15,0,9,2,4,2,40,24,0,0,0,0.15,15.0,Cold
29,4,17,0,8,2,4,0,8,5,0,0,0,0.05,5.0,Cold
62,11,4,1,9,1,3,2,21,24,0,1,1,0.85,85.0,Very Hot
62,10,35,0,2,2,3,0,43,23,0,0,0,0.15,15.0,Cold
57,0,29,0,7,3,1,3,21,12,0,1,0,0.09,9.0,Cold
16,10,44,0,1,3,2,1,3,4,1,1,1,0.79,79.0,Very Hot
56,18,18,0,2,4,0,0,31,23,1,0,0,0.06,6.0,Cold
10,8,22,0,1,4,3,1,27,6,0,0,0,0.0,0.0,
30,1,33,0,0,4,3,2,27,19,0,1,0,0.01,1.0,Cold
25,11,12,1,1,4,4,0,57,9,0,1,0,0.0,0.0,
84,3,42,1,7,3,1,3,33,12,0,0,1,0.79,79.0,Very Hot
5,3,28,0,8,1,4,0,44,26,0,0,0,0.26,26.0,Warm
65,17,35,0,1,4,3,0,43,15,0,0,0,0.09,9.0,Cold
49,14,21,0,6,1,3,0,31,16,1,1,1,0.32,32.0,Warm
3,18,46,0,4,2,4,1,65,13,0,0,1,0.95,95.0,Very Hot
45,12,35,0,2,2,3,1,17,25,1,0,1,0.89,89.0,Very Hot
14,18,8,1,8,4,2,2,15,21,0,0,1,0.86,86.0,Very Hot
30,16,38,1,5,2,0,2,34,24,0,1,1,0.99,99.0,Very Hot
68,5,18,0,0,1,0,2,4,7,0,0,0,0.0,0.0,
18,15,37,0,4,1,0,2,28,25,0,1,1,0.99,99.0,Very Hot
62,11,5,0,6,2,2,0,2,23,0,0,0,0.04,4.0,Cold
37,18,46,0,3,4,3,1,17,20,0,0,1,0.98,98.0,Very Hot
25,4,14,0,7,1,4,1,58,4,1,1,0,0.01,1.0,Cold
48,16,19,1,9,1,1,1,9,11,0,1,1,0.5,50.0,Warm
65,0,8,0,4,3,3,1,31,8,0,1,0,0.0,0.0,
53,9,31,1,8,4,2,2,66,6,1,1,1,0.92,92.0,Very Hot
79,14,3,0,8,3,2,0,62,25,1,0,0,0.06,6.0,Cold
73,10,49,0,8,2,0,1,19,10,1,1,1,0.98,98.0,Very Hot
15,12,17,0,0,2,3,3,55,7,0,0,0,0.0,0.0,
49,4,4,0,1,3,0,0,28,7,0,0,0,0.01,1.0,Cold
88,0,19,0,2,4,1,3,50,4,0,1,0,0.01,1.0,Cold
68,11,22,0,3,1,0,0,65,3,0,1,0,0.0,0.0,
12,10,10,1,9,2,1,0,3,24,0,1,1,0.87,87.0,Very Hot
59,16,36,0,8,4,2,0,52,7,0,1,1,0.92,92.0,Very Hot
37,3,21,0,9,4,0,3,10,4,1,1,0,0.06,6.0,Cold
61,14,3,1,5,2,0,1,21,13,1,0,0,0.09,9.0,Cold
43,8,28,1,0,2,4,1,37,20,0,1,0,0.13,13.0,Cold
70,19,43,1,8,4,2,3,15,17,0,1,1,0.97,97.0,Very Hot
39,18,33,0,5,1,4,1,9,27,0,1,1,0.97,97.0,Very Hot
56,18,12,1,3,3,1,2,44,7,0,1,0,0.04,4.0,Cold
63,11,41,0,3,2,1,1,39,17,0,1,0,0.49,49.0,Warm
46,4,8,0,2,3,2,2,5,26,1,1,0,0.02,2.0,Cold
88,9,41,0,6,4,1,2,25,26,0,0,1,0.8,80.0,Very Hot
11,16,30,0,2,3,2,2,56,4,0,1,0,0.08,8.0,Cold
62,4,6,0,1,1,1,3,64,11,0,0,0,0.0,0.0,
77,15,3,0,9,4,3,1,52,3,1,0,0,0.08,8.0,Cold
25,6,18,0,7,1,0,1,9,11,1,0,0,0.05,5.0,Cold
71,8,41,0,3,4,3,3,10,3,1,0,0,0.35,35.0,Warm
52,2,29,0,7,1,2,3,10,12,0,0,0,0.04,4.0,Cold
4,14,30,1,0,4,2,1,62,1,0,0,0,0.13,13.0,Cold
59,15,34,1,4,1,3,3,60,4,0,0,0,0.33,33.0,Warm
72,17,20,0,8,4,0,3,19,14,0,0,0,0.11,11.0,Cold
20,13,30,1,0,1,0,2,38,1,1,0,0,0.11,11.0,Cold
63,2,18,0,3,4,4,3,6,14,0,0,0,0.0,0.0,
54,11,30,0,5,1,1,2,15,13,0,1,0,0.06,6.0,Cold
74,8,31,0,9,2,4,0,47,13,0,0,0,0.12,12.0,Cold
57,6,1,0,7,3,0,2,45,24,0,0,0,0.02,2.0,Cold
41,8,9,1,2,4,3,2,5,15,0,0,0,0.04,4.0,Cold
3,12,1,0,4,1,1,3,53,17,0,0,0,0.02,2.0,Cold
6,17,1,0,6,2,3,1,66,12,0,1,0,0.02,2.0,Cold
5,4,23,0,0,4,4,0,62,22,0,0,0,0.04,4.0,Cold
5,12,16,0,6,4,2,0,23,23,1,0,1,0.39,39.0,Warm
54,3,31,1,7,4,3,0,44,26,0,0,1,0.89,89.0,Very Hot
47,1,15,1,7,3,4,1,52,14,0,1,0,0.06,6.0,Cold
87,15,15,0,8,1,4,0,46,12,0,1,0,0.29,29.0,Warm
49,8,45,1,5,1,4,0,19,18,1,0,1,0.99,99.0,Very Hot
9,8,38,0,5,4,2,1,47,4,1,0,0,0.16,16.0,Cold
20,5,30,1,1,4,2,0,52,27,0,0,0,0.19,19.0,Cold
61,10,42,0,2,4,2,3,24,14,0,1,0,0.48,48.0,Warm
35,0,23,0,3,2,1,3,17,19,1,0,0,0.0,0.0,
50,3,0,0,3,4,2,2,46,29,1,0,0,0.05,5.0,Cold
82,12,10,0,7,3,2,2,64,13,0,0,0,0.01,1.0,Cold
62,12,20,0,0,1,2,2,28,25,0,0,0,0.03,3.0,Cold
17,12,3,0,9,3,3,3,50,23,0,0,0,0.12,12.0,Cold
88,1,6,0,3,4,2,3,64,18,1,0,0,0.02,2.0,Cold
3,8,25,1,3,2,1,3,28,11,0,0,0,0.11,11.0,Cold
32,7,46,0,0,4,4,2,56,28,0,0,0,0.17,17.0,Cold
13,6,49,0,2,4,3,2,59,6,0,1,0,0.07,7.0,Cold
89,3,11,0,4,4,0,2,5,9,0,0,0,0.0,0.0,
73,17,30,1,5,4,2,2,54,12,1,1,1,0.79,79.0,Very Hot
68,2,16,0,8,4,4,2,44,19,1,1,0,0.07,7.0,Cold
14,5,32,1,8,1,4,2,42,14,0,1,1,0.94,94.0,Very Hot
11,11,10,1,8,3,3,3,57,15,1,1,1,0.78,78.0,Very Hot
56,11,27,0,0,2,0,1,47,11,0,0,0,0.0,0.0,
67,7,31,0,8,4,1,1,25,6,1,0,0,0.14,14.0,Cold
29,0,0,0,7,2,4,2,44,14,1,1,0,0.01,1.0,Cold
9,3,46,0,1,1,4,1,15,3,1,1,0,0.21,21.0,Cold
67,10,27,1,0,3,4,1,51,19,1,1,0,0.15,15.0,Cold
25,2,41,1,0,4,4,3,53,20,0,0,0,0.11,11.0,Cold
76,12,6,0,5,1,3,2,34,25,1,1,0,0.1,10.0,Cold
42,16,1,0,8,1,0,2,8,11,0,1,0,0.08,8.0,Cold
9,9,41,1,6,3,4,1,70,29,0,0,1,0.95,95.0,Very Hot
79,11,23,0,4,4,1,2,21,24,0,1,0,0.18,18.0,Cold
40,14,3,0,1,3,1,2,7,17,0,0,0,0.0,0.0,
25,9,43,0,0,3,2,2,56,29,1,0,1,0.79,79.0,Very Hot
5,13,18,0,1,2,4,2,49,28,0,0,0,0.07,7.0,Cold
11,12,25,1,0,2,4,1,42,27,1,0,1,0.81,81.0,Very Hot
59,4,10,0,2,3,4,0,23,17,1,1,0,0.01,1.0,Cold
88,5,39,0,5,2,4,1,52,23,1,1,1,0.87,87.0,Very Hot
79,1,49,1,7,1,4,3,53,3,0,1,1,0.51,51.0,Hot
38,16,42,0,2,3,1,0,16,14,0,0,1,0.7,70.0,Hot
72,3,10,1,9,4,0,0,37,27,0,0,0,0.07,7.0,Cold
5,13,44,0,8,4,0,0,18,7,0,0,1,0.96,96.0,Very Hot
48,9,2,0,9,1,2,1,20,25,1,1,0,0.13,13.0,Cold
18,2,11,1,4,4,1,3,46,19,1,0,0,0.05,5.0,Cold
70,2,2,0,6,4,4,1,2,3,0,1,0,0.0,0.0,
37,14,41,0,7,3,0,3,63,2,1,0,1,0.86,86.0,Very Hot
60,5,26,0,2,1,3,1,3,26,0,0,0,0.07,7.0,Cold
48,16,48,0,1,3,3,1,46,17,0,0,1,0.83,83.0,Very Hot
77,11,1,0,1,1,3,1,49,9,0,0,0,0.0,0.0,
28,19,48,1,4,3,4,0,1,22,0,1,1,0.93,93.0,Very Hot
69,10,15,1,0,3,4,1,22,6,1,1,0,0.03,3.0,Cold
77,3,1,1,1,2,2,3,14,24,1,1,0,0.07,7.0,Cold
81,5,29,0,8,4,2,3,45,27,1,1,1,0.86,86.0,Very Hot
40,0,19,0,6,1,2,3,6,21,0,1,0,0.02,2.0,Cold
45,19,37,0,5,4,3,0,65,9,0,1,1,0.85,85.0,Very Hot
62,15,27,1,8,2,4,1,21,27,0,1,1,0.98,98.0,Very Hot
58,14,24,0,6,1,3,1,4,5,1,1,1,0.39,39.0,Warm
67,16,31,0,4,2,2,2,3,2,0,0,0,0.12,12.0,Cold
56,7,9,1,8,4,4,0,30,22,0,0,0,0.14,14.0,Cold
40,11,41,0,5,3,1,3,31,15,1,1,1,0.94,94.0,Very Hot
40,9,39,0,5,2,0,3,34,9,1,0,1,0.53,53.0,Hot
77,14,32,1,3,2,0,1,20,19,1,0,1,0.92,92.0,Very Hot
33,8,12,1,0,3,2,3,54,10,1,1,0,0.04,4.0,Cold
6,1,40,0,4,4,3,1,25,4,0,0,0,0.09,9.0,Cold
88,4,41,0,8,2,1,1,15,10,0,1,1,0.95,95.0,Very Hot
19,5,46,1,7,4,4,2,38,27,0,0,1,0.96,96.0,Very Hot
80,6,36,0,7,3,3,0,23,8,0,1,0,0.44,44.0,Warm
40,0,15,0,4,1,2,1,52,22,0,0,0,0.0,0.0,
59,6,44,0,8,2,3,1,66,13,0,1,1,0.88,88.0,Very Hot
59,19,21,0,2,4,2,1,57,7,1,1,0,0.1,10.0,Cold
48,11,19,0,2,3,0,2,57,7,0,1,0,0.0,0.0,
41,15,49,0,0,3,0,1,52,4,0,0,0,0.33,33.0,Warm
13,15,42,0,8,2,3,0,35,15,1,0,1,0.99,99.0,Very Hot
45,10,26,0,5,1,1,0,14,12,0,1,0,0.13,13.0,Cold
89,3,40,1,1,2,4,3,14,16,1,1,1,0.85,85.0,Very Hot
53,12,15,1,7,4,2,0,33,6,1,1,1,0.71,71.0,Hot
42,6,33,1,8,3,4,3,52,28,1,1,1,0.95,95.0,Very Hot
63,3,31,0,8,1,0,0,1,9,0,0,0,0.07,7.0,Cold
27,14,25,0,1,4,1,3,34,3,1,0,0,0.09,9.0,Cold
38,18,24,0,1,2,1,1,19,8,0,1,0,0.08,8.0,Cold
60,8,1,1,6,3,4,2,24,7,1,1,0,0.11,11.0,Cold
7,10,11,0,3,2,0,2,4,4,0,0,0,0.03,3.0,Cold
5,7,39,0,0,1,4,2,36,26,0,0,0,0.25,25.0,Cold
45,0,8,1,7,1,3,1,58,13,1,1,0,0.06,6.0,Cold
58,7,11,0,1,1,1,2,32,19,0,1,0,0.02,2.0,Cold
31,12,25,0,2,1,1,0,9,7,1,0,0,0.03,3.0,Cold
23,3,8,1,4,1,3,3,67,10,0,0,0,0.0,0.0,
42,7,9,1,2,2,0,1,20,25,1,0,0,0.14,14.0,Cold
10,2,31,0,6,1,1,2,62,12,1,0,0,0.05,5.0,Cold
32,8,33,1,6,1,2,0,58,26,0,1,1,0.93,93.0,Very Hot
53,1,47,0,1,3,2,0,22,3,0,1,0,0.1,10.0,Cold
30,1,19,1,6,1,0,1,67,26,1,1,1,0.75,75.0,Hot
39,12,38,0,5,3,3,1,48,25,1,1,1,0.95,95.0,Very Hot
31,14,1,0,9,3,4,2,8,29,0,0,0,0.15,15.0,Cold
82,11,0,0,8,3,0,3,15,24,1,1,0,0.12,12.0,Cold
2,3,35,1,8,2,4,2,32,12,0,1,1,0.92,92.0,Very Hot
78,7,23,0,1,2,0,2,53,19,0,1,0,0.01,1.0,Cold
77,8,26,0,6,4,2,1,67,15,0,0,0,0.06,6.0,Cold
12,4,1,0,4,4,3,2,4,8,1,1,0,0.02,2.0,Cold
39,19,30,1,5,3,2,2,30,12,1,1,1,0.94,94.0,Very Hot
66,17,13,0,0,2,3,3,13,20,0,0,0,0.01,1.0,Cold
13,10,1,0,6,1,4,0,21,6,0,0,0,0.01,1.0,Cold
46,14,28,0,5,4,0,0,41,28,1,1,1,0.96,96.0,Very Hot
27,8,14,0,3,2,1,3,19,10,0,1,0,0.01,1.0,Cold
17,16,11,0,0,1,1,0,48,2,1,0,0,0.02,2.0,Cold
60,11,36,0,8,1,3,2,63,24,0,0,1,0.88,88.0,Very Hot
64,6,27,0,3,2,3,3,20,13,0,0,0,0.03,3.0,Cold
88,9,19,0,1,4,2,3,64,25,0,0,0,0.0,0.0,
35,9,38,1,7,2,1,1,37,7,1,1,1,0.92,92.0,Very Hot
70,12,23,0,1,4,2,0,31,8,1,0,0,0.04,4.0,Cold
83,18,20,0,4,3,4,1,18,23,0,0,0,0.09,9.0,Cold
30,10,9,1,5,2,1,2,20,16,0,1,0,0.15,15.0,Cold
71,12,45,0,7,2,4,3,11,11,0,0,1,0.91,91.0,Very Hot
74,7,13,1,0,4,0,2,44,26,1,1,0,0.17,17.0,Cold
63,7,36,0,0,4,2,0,64,4,1,0,0,0.01,1.0,Cold
28,3,17,0,3,2,3,1,34,17,1,1,0,0.01,1.0,Cold
60,14,23,0,4,1,1,0,65,16,1,1,0,0.05,5.0,Cold
79,10,13,1,8,1,2,2,55,19,1,0,0,0.14,14.0,Cold
37,10,33,0,6,1,3,1,1,23,0,1,1,0.94,94.0,Very Hot
22,0,11,0,6,3,0,0,38,27,0,1,0,0.08,8.0,Cold
68,16,21,1,7,3,1,2,9,11,1,1,1,0.76,76.0,Very Hot
20,14,5,0,4,4,4,0,71,7,0,0,0,0.04,4.0,Cold
68,19,35,0,4,3,0,3,17,27,0,0,1,0.9,90.0,Very Hot
64,5,44,0,0,1,3,1,52,13,0,0,0,0.01,1.0,Cold
17,14,35,1,8,2,1,1,18,19,0,0,1,0.97,97.0,Very Hot
12,8,21,0,5,3,1,1,63,17,0,0,0,0.0,0.0,
22,13,13,0,8,3,0,3,33,26,0,0,0,0.15,15.0,Cold
17,17,15,0,2,1,1,1,4,25,0,1,0,0.11,11.0,Cold
10,16,35,0,4,3,3,3,52,28,0,1,1,0.89,89.0,Very Hot
65,17,24,1,1,4,0,1,9,22,0,1,1,0.4,40.0,Warm
22,4,31,1,9,2,4,0,64,13,1,1,1,0.9,90.0,Very Hot
82,19,32,1,4,1,0,0,30,29,0,0,1,0.95,95.0,Very Hot
50,19,44,1,7,4,0,0,8,12,1,1,1,0.99,99.0,Very Hot
14,8,35,0,1,1,4,0,5,7,1,1,0,0.42,42.0,Warm
64,10,19,0,7,4,3,3,63,1,1,0,0,0.03,3.0,Cold
47,0,17,1,3,2,2,2,1,1,1,0,0,0.04,4.0,Cold
29,17,37,0,9,2,2,2,15,20,0,1,1,0.97,97.0,Very Hot
76,5,2,0,9,4,4,0,38,23,0,0,0,0.1,10.0,Cold
36,1,22,1,0,4,3,2,42,14,1,1,0,0.12,12.0,Cold
52,14,31,0,4,4,1,2,46,27,0,1,1,0.77,77.0,Very Hot
76,13,44,1,0,4,4,1,53,15,0,0,0,0.2,20.0,Cold
7,4,15,0,6,4,2,3,26,11,0,1,0,0.01,1.0,Cold
29,5,4,0,7,4,3,0,61,24,1,0,0,0.02,2.0,Cold
11,5,3,0,2,2,0,2,67,26,0,1,0,0.09,9.0,Cold
33,17,20,0,2,4,3,2,54,9,0,1,0,0.02,2.0,Cold
6,13,39,1,6,3,3,0,22,17,1,0,1,0.96,96.0,Very Hot
79,9,13,0,3,2,2,1,26,4,1,1,0,0.0,0.0,
32,13,38,0,2,1,2,0,60,20,0,1,0,0.2,20.0,Cold
51,12,30,0,7,2,1,1,39,19,1,0,1,0.95,95.0,Very Hot
75,2,13,0,2,1,1,2,36,7,0,1,0,0.01,1.0,Cold
58,5,5,0,6,1,4,3,21,1,1,0,0,0.02,2.0,Cold
87,7,11,1,1,3,0,1,41,9,0,1,0,0.0,0.0,
26,11,15,0,0,4,1,1,48,13,0,0,0,0.01,1.0,Cold
46,12,16,1,5,4,2,0,26,24,1,1,1,0.79,79.0,Very Hot
29,10,44,1,7,2,3,2,63,2,0,1,1,0.9,90.0,Very Hot
4,11,22,0,0,4,4,3,36,2,0,1,0,0.04,4.0,Cold
81,0,13,0,9,3,1,0,24,24,1,1,0,0.13,13.0,Cold
13,16,6,1,8,2,3,0,21,27,0,1,1,0.9,90.0,Very Hot
39,15,45,0,2,2,3,3,18,15,1,0,1,0.94,94.0,Very Hot
15,10,31,0,2,2,1,2,15,17,0,0,0,0.04,4.0,Cold
29,12,14,0,3,4,0,3,6,13,0,0,0,0.02,2.0,Cold
29,17,43,1,0,4,0,0,43,7,1,0,1,0.86,86.0,Very Hot
75,10,16,1,8,4,4,0,31,9,0,0,0,0.28,28.0,Warm
32,11,40,1,2,2,0,1,28,12,0,1,1,0.79,79.0,Very Hot
2,5,46,0,9,2,4,3,8,3,0,1,1,0.93,93.0,Very Hot
47,8,43,0,3,1,2,3,29,23,1,0,1,0.88,88.0,Very Hot
78,15,33,0,0,1,1,3,21,22,0,0,0,0.18,18.0,Cold
84,3,4,0,3,4,3,0,58,15,0,0,0,0.0,0.0,
22,2,44,0,0,2,4,2,60,7,0,1,0,0.07,7.0,Cold
75,15,26,1,4,4,0,0,50,23,0,0,1,0.88,88.0,Very Hot
27,11,22,1,4,4,4,1,31,26,0,1,1,0.75,75.0,Hot
67,10,39,0,6,1,4,0,47,1,1,1,1,0.83,83.0,Very Hot
81,4,13,0,7,3,0,0,34,14,1,1,0,0.02,2.0,Cold
56,17,14,0,3,4,0,0,2,19,0,0,0,0.02,2.0,Cold
21,18,42,0,6,3,1,1,67,16,0,0,1,0.93,93.0,Very Hot
47,5,32,1,3,3,3,3,52,10,1,0,0,0.3,30.0,Warm
80,17,30,1,2,2,1,2,7,1,0,0,0,0.1,10.0,Cold
59,5,34,0,5,2,1,2,19,5,0,1,0,0.12,12.0,Cold
84,3,16,0,3,4,0,1,15,3,1,0,0,0.0,0.0,
6,11,27,0,2,1,0,3,48,17,1,0,0,0.16,16.0,Cold
19,18,18,0,8,1,3,3,14,18,0,1,1,0.78,78.0,Very Hot
57,1,45,0,4,4,4,1,3,26,0,0,1,0.69,69.0,Hot
69,16,22,0,6,4,1,0,50,21,0,0,0,0.04,4.0,Cold
3,10,31,0,5,1,3,3,54,27,0,1,1,0.9,90.0,Very Hot
1,10,39,1,9,3,1,2,6,19,1,1,1,0.98,98.0,Very Hot
58,15,12,0,4,4,4,1,49,22,0,0,0,0.03,3.0,Cold
38,1,19,0,6,3,1,2,23,25,1,1,0,0.13,13.0,Cold
15,1,34,0,5,4,2,0,20,22,0,1,0,0.2,20.0,Cold
34,7,4,0,9,4,3,1,60,18,0,0,0,0.03,3.0,Cold
61,12,8,0,1,3,0,2,45,16,0,1,0,0.02,2.0,Cold
35,9,28,0,2,3,1,2,61,2,1,1,0,0.05,5.0,Cold
64,7,5,0,1,1,3,0,56,15,1,1,0,0.0,0.0,
25,3,24,0,2,4,3,1,2,13,0,1,0,0.01,1.0,Cold
24,14,30,1,0,2,1,3,45,13,0,0,0,0.05,5.0,Cold
12,0,21,0,7,2,0,3,40,16,1,1,0,0.04,4.0,Cold
18,10,1,1,5,4,0,2,24,8,0,0,0,0.03,3.0,Cold
15,6,44,0,1,4,1,0,29,11,0,0,0,0.08,8.0,Cold
80,16,4,0,7,4,3,2,67,8,0,0,0,0.0,0.0,
27,19,26,0,5,3,0,0,68,22,0,1,1,0.82,82.0,Very Hot
72,17,24,0,6,2,1,3,66,10,1,1,0,0.07,7.0,Cold
60,11,7,1,0,2,1,2,54,23,0,0,0,0.01,1.0,Cold
46,8,0,1,6,2,1,2,53,1,1,1,0,0.03,3.0,Cold
89,4,19,1,2,4,3,0,49,12,1,1,0,0.06,6.0,Cold
17,9,43,1,7,3,0,1,32,9,1,1,1,0.94,94.0,Very Hot
53,3,22,0,5,4,3,0,61,5,0,0,0,0.01,1.0,Cold
8,4,31,0,3,1,2,1,42,9,0,1,0,0.03,3.0,Cold
79,9,10,0,7,1,0,3,1,16,0,1,0,0.03,3.0,Cold
27,10,38,1,8,2,3,2,63,18,0,0,1,0.91,91.0,Very Hot
46,9,46,1,9,4,0,2,35,8,1,0,1,0.89,89.0,Very Hot
50,7,23,0,1,1,2,0,51,23,1,1,0,0.02,2.0,Cold
71,1,10,1,5,1,4,0,71,11,1,1,0,0.13,13.0,Cold
3,7,28,0,4,4,1,3,45,20,0,1,0,0.04,4.0,Cold
64,15,25,0,4,3,3,3,65,19,0,0,0,0.05,5.0,Cold
44,4,15,0,9,4,2,1,14,4,0,1,0,0.03,3.0,Cold
53,2,34,0,2,4,2,3,3,20,1,0,0,0.21,21.0,Cold
24,11,19,1,7,3,0,3,24,26,0,0,1,0.89,89.0,Very Hot
60,12,45,0,7,2,0,3,65,10,0,0,1,0.83,83.0,Very Hot
3,12,2,0,4,2,1,3,48,24,0,0,0,0.02,2.0,Cold
20,9,0,0,7,2,0,1,10,13,1,1,0,0.03,3.0,Cold
46,3,46,0,9,3,3,3,13,29,1,1,1,0.98,98.0,Very Hot
15,8,0,0,7,1,3,1,14,20,1,0,0,0.04,4.0,Cold
25,1,16,0,2,3,3,0,10,14,1,1,0,0.0,0.0,
78,18,1,0,1,4,4,2,40,21,0,0,0,0.07,7.0,Cold
71,0,28,0,8,3,3,0,23,2,0,0,0,0.15,15.0,Cold
17,6,19,0,1,1,0,3,55,29,0,1,0,0.04,4.0,Cold
84,16,5,1,8,1,0,2,63,4,0,0,0,0.09,9.0,Cold
9,2,7,0,3,4,3,3,71,7,1,0,0,0.0,0.0,
38,19,28,0,1,2,2,3,42,19,0,0,0,0.3,30.0,Warm
48,19,47,0,9,1,2,0,66,17,0,1,1,0.97,97.0,Very Hot
60,2,32,0,0,1,2,3,47,16,0,0,0,0.01,1.0,Cold
63,2,2,0,3,1,1,0,52,13,0,0,0,0.01,1.0,Cold
86,16,34,1,8,4,4,3,18,24,1,1,1,0.99,99.0,Very Hot
2,6,4,1,8,1,3,1,18,24,0,0,0,0.45,45.0,Warm
88,13,26,1,3,2,1,2,24,22,0,0,0,0.66,66.0,Hot
72,16,43,0,8,4,2,0,23,23,0,0,1,0.98,98.0,Very Hot
11,17,11,0,5,2,3,0,12,26,0,0,0,0.04,4.0,Cold
64,12,19,1,0,1,1,2,23,27,0,1,0,0.28,28.0,Warm
77,19,44,0,9,1,0,0,21,18,0,1,1,0.98,98.0,Very Hot
81,19,19,0,5,2,2,2,64,21,1,1,1,0.7,70.0,Hot
72,17,8,1,8,4,1,1,34,12,0,0,0,0.27,27.0,Warm
21,3,38,0,1,4,0,3,2,23,0,0,0,0.1,10.0,Cold
18,0,3,0,5,2,2,1,69,25,1,0,0,0.05,5.0,Cold
64,17,18,0,1,1,4,3,31,1,0,0,0,0.02,2.0,Cold
82,0,37,0,3,3,2,2,68,15,0,0,0,0.03,3.0,Cold
38,12,26,0,7,2,4,1,70,3,1,0,0,0.04,4.0,Cold
32,19,44,0,6,2,4,3,19,6,1,0,1,0.95,95.0,Very Hot
11,19,42,0,8,2,4,2,13,14,1,1,1,0.99,99.0,Very Hot
45,9,12,0,6,1,3,3,65,23,0,0,0,0.06,6.0,Cold
89,10,12,0,0,4,3,0,6,6,0,0,0,0.01,1.0,Cold
33,8,21,1,1,1,4,0,71,1,0,0,0,0.04,4.0,Cold
41,8,27,0,5,2,0,2,27,20,0,0,0,0.19,19.0,Cold
8,4,46,0,6,1,4,3,52,6,1,1,1,0.88,88.0,Very Hot
11,0,44,0,2,1,1,0,48,8,0,0,0,0.06,6.0,Cold
86,16,21,1,8,2,4,1,68,26,0,0,1,0.79,79.0,Very Hot
51,1,42,0,6,1,3,3,44,15,1,0,0,0.16,16.0,Cold
88,12,18,0,5,3,3,3,17,14,1,0,0,0.07,7.0,Cold
41,8,7,0,5,1,1,0,38,16,1,1,0,0.01,1.0,Cold
17,3,7,1,0,1,1,0,10,20,1,1,0,0.04,4.0,Cold
76,4,41,0,4,4,2,2,54,23,0,0,0,0.15,15.0,Cold
46,10,25,0,9,4,0,3,6,16,1,1,1,0.81,81.0,Very Hot
32,18,47,0,2,2,0,1,6,27,0,0,1,0.89,89.0,Very Hot
79,2,25,0,6,2,0,0,52,19,0,0,0,0.06,6.0,Cold
80,11,22,1,9,4,3,3,15,24,1,0,1,0.73,73.0,Hot
54,18,42,1,2,3,0,0,68,1,1,1,1,0.89,89.0,Very Hot
86,18,12,0,4,1,2,2,57,4,1,0,0,0.0,0.0,
20,12,27,1,6,3,2,3,56,24,1,1,1,0.93,93.0,Very Hot
33,6,8,0,2,3,0,3,7,10,1,0,0,0.01,1.0,Cold
74,14,19,0,9,4,1,2,51,20,0,0,0,0.07,7.0,Cold
40,6,18,0,1,2,2,1,58,18,1,1,0,0.02,2.0,Cold
32,7,47,0,5,1,1,0,64,2,1,1,1,0.5,50.0,Warm
2,4,38,1,7,2,3,2,26,4,1,1,1,0.87,87.0,Very Hot
33,13,11,0,3,3,2,3,58,15,0,1,0,0.0,0.0,
77,3,14,0,8,3,1,2,31,29,0,0,0,0.19,19.0,Cold
30,9,30,0,7,2,0,3,66,4,1,0,0,0.23,23.0,Cold
33,19,13,0,6,2,3,2,13,16,0,0,0,0.21,21.0,Cold
77,14,10,0,6,4,4,1,18,15,0,0,0,0.0,0.0,
26,17,25,0,2,2,4,3,13,18,0,1,0,0.15,15.0,Cold
22,19,41,1,5,2,0,2,24,7,0,1,1,0.96,96.0,Very Hot
66,12,26,0,4,4,3,1,57,15,1,1,0,0.05,5.0,Cold
38,7,10,0,0,2,3,1,29,22,0,0,0,0.0,0.0,
46,8,37,1,2,3,3,0,56,11,1,1,1,0.83,83.0,Very Hot
15,15,33,1,0,2,3,3,54,19,0,1,1,0.81,81.0,Very Hot
44,18,42,0,3,1,4,0,5,8,0,0,1,0.92,92.0,Very Hot
49,15,18,1,9,3,1,1,35,24,0,0,1,0.66,66.0,Hot
75,6,5,0,2,4,3,0,19,1,1,1,0,0.0,0.0,
61,13,45,0,3,3,1,0,55,3,0,1,0,0.13,13.0,Cold
67,13,37,0,8,4,3,2,69,5,1,1,1,0.71,71.0,Hot
6,3,48,1,2,1,2,0,44,18,1,0,1,0.86,86.0,Very Hot
9,14,41,0,5,1,2,1,38,12,1,0,1,0.96,96.0,Very Hot
6,2,27,0,5,3,2,0,62,12,1,0,0,0.06,6.0,Cold
73,4,0,0,6,2,3,3,22,21,0,0,0,0.05,5.0,Cold
32,0,34,1,8,3,1,2,40,27,0,1,1,0.98,98.0,Very Hot
41,2,39,0,6,3,4,1,26,26,0,0,1,0.88,88.0,Very Hot
76,14,7,0,0,1,0,0,5,19,0,1,0,0.03,3.0,Cold
8,7,46,0,7,4,4,3,54,9,1,1,1,0.96,96.0,Very Hot
72,3,6,1,4,3,3,1,49,11,1,0,0,0.0,0.0,
50,1,10,1,8,2,2,0,3,17,0,0,0,0.07,7.0,Cold
62,9,38,0,9,1,2,2,38,16,0,1,1,0.91,91.0,Very Hot
84,3,3,0,4,3,1,0,14,4,1,1,0,0.0,0.0,
62,2,24,1,4,3,3,1,47,10,0,0,0,0.0,0.0,
7,1,11,0,1,2,4,1,14,22,1,0,0,0.04,4.0,Cold
75,16,25,1,2,3,3,1,38,15,0,1,0,0.11,11.0,Cold
84,19,37,1,9,3,3,3,64,25,0,1,1,0.95,95.0,Very Hot
80,12,45,0,8,3,2,0,44,19,1,0,1,0.92,92.0,Very Hot
4,4,11,0,6,3,4,0,70,3,0,1,0,0.03,3.0,Cold
6,8,42,0,0,2,0,0,65,28,1,1,1,0.77,77.0,Very Hot
58,5,36,0,2,3,2,2,25,21,1,0,0,0.13,13.0,Cold
22,4,45,0,1,3,4,3,16,23,1,1,1,0.85,85.0,Very Hot
26,9,23,0,0,3,1,3,15,5,1,0,0,0.07,7.0,Cold
3,7,15,0,8,1,2,2,3,11,0,0,0,0.05,5.0,Cold
41,6,12,0,7,2,1,3,67,24,1,0,0,0.08,8.0,Cold
60,6,24,0,4,1,2,2,37,5,1,0,0,0.0,0.0,
14,5,3,0,1,1,3,1,55,7,1,1,0,0.0,0.0,
75,19,10,1,0,2,4,1,38,6,1,1,0,0.01,1.0,Cold
82,2,31,0,6,1,1,3,63,26,1,0,0,0.11,11.0,Cold
12,18,48,1,1,1,2,1,1,13,0,0,1,0.92,92.0,Very Hot
87,14,6,0,0,1,1,1,71,2,1,1,0,0.01,1.0,Cold
12,3,45,0,1,2,2,1,19,19,1,0,1,0.82,82.0,Very Hot
13,11,10,1,6,3,2,0,52,11,1,0,0,0.22,22.0,Cold
25,5,27,0,6,4,0,1,30,27,0,1,1,0.84,84.0,Very Hot
45,18,40,0,9,4,0,0,55,20,1,1,1,0.91,91.0,Very Hot
19,3,22,0,5,2,0,2,14,5,0,0,0,0.02,2.0,Cold
55,14,44,0,4,4,1,2,13,9,0,1,1,0.87,87.0,Very Hot
45,8,22,0,2,2,3,2,27,6,1,0,0,0.01,1.0,Cold
8,4,49,0,2,2,2,2,9,17,1,1,1,0.58,58.0,Hot
53,12,27,0,8,4,4,2,41,19,0,1,1,0.87,87.0,Very Hot
55,17,42,0,3,1,0,1,48,23,1,1,1,0.77,77.0,Very Hot
32,4,46,0,8,3,1,1,12,8,0,1,1,0.95,95.0,Very Hot
51,15,25,0,3,4,1,1,10,7,0,0,0,0.01,1.0,Cold
44,18,24,0,1,4,1,2,6,5,0,0,0,0.13,13.0,Cold
82,13,28,0,3,4,4,2,34,15,1,0,0,0.1,10.0,Cold
70,15,18,1,5,4,4,0,52,10,0,1,0,0.06,6.0,Cold
18,14,32,0,5,2,0,3,41,24,0,1,1,0.95,95.0,Very Hot
83,3,35,0,4,2,4,1,6,16,1,1,0,0.17,17.0,Cold
22,6,13,0,0,3,0,3,2,9,0,1,0,0.0,0.0,
37,15,13,1,2,3,4,2,15,7,1,0,0,0.13,13.0,Cold
56,7,34,0,4,4,4,2,17,11,1,0,0,0.31,31.0,Warm
59,16,29,1,5,4,4,2,16,9,1,0,1,0.86,86.0,Very Hot
3,15,27,0,0,4,0,3,28,17,0,0,0,0.03,3.0,Cold
28,9,16,0,8,3,2,0,10,9,0,0,0,0.08,8.0,Cold
74,9,2,1,2,4,0,2,10,3,1,1,0,0.07,7.0,Cold
35,1,15,0,9,1,2,0,10,22,0,0,0,0.05,5.0,Cold
61,8,45,0,2,3,1,0,28,8,0,1,0,0.22,22.0,Cold
54,16,29,1,1,1,1,1,24,19,0,1,1,0.88,88.0,Very Hot
63,10,28,1,7,4,0,3,19,20,0,0,1,0.7,70.0,Hot
79,9,44,0,2,2,2,2,68,16,1,1,0,0.13,13.0,Cold
7,16,14,0,5,1,2,0,56,7,1,0,0,0.07,7.0,Cold
76,3,45,1,1,3,2,3,67,28,0,0,0,0.19,19.0,Cold
49,15,24,0,6,1,1,3,42,7,0,0,0,0.05,5.0,Cold
85,19,37,1,3,3,0,2,12,20,1,0,1,0.94,94.0,Very Hot
31,14,41,0,8,4,3,1,18,25,0,1,1,0.99,99.0,Very Hot
58,4,46,0,9,1,2,1,23,13,1,1,1,0.97,97.0,Very Hot
61,5,37,1,8,2,2,0,6,3,0,0,1,0.89,89.0,Very Hot
24,16,22,0,6,1,3,1,53,12,1,0,0,0.14,14.0,Cold
20,0,24,0,7,2,0,1,42,24,1,0,0,0.11,11.0,Cold
37,18,41,0,2,3,2,1,66,8,0,1,0,0.16,16.0,Cold
4,3,6,0,4,4,0,3,30,13,0,0,0,0.02,2.0,Cold
20,16,21,0,1,4,2,2,9,20,0,1,0,0.05,5.0,Cold
60,8,16,1,9,2,4,3,42,16,1,1,1,0.85,85.0,Very Hot
24,1,17,0,6,3,2,3,34,7,0,0,0,0.01,1.0,Cold
50,7,48,0,7,4,4,2,40,4,1,1,1,0.92,92.0,Very Hot
49,14,40,1,8,3,0,3,17,29,0,0,1,0.97,97.0,Very Hot
51,6,9,0,6,2,2,0,29,12,1,1,0,0.02,2.0,Cold
36,5,9,0,9,2,1,0,50,17,1,0,0,0.03,3.0,Cold
66,0,6,0,9,1,1,3,49,1,0,0,0,0.0,0.0,
79,14,47,1,7,4,3,1,61,17,0,1,1,0.95,95.0,Very Hot
34,6,49,0,8,4,1,3,46,2,0,1,1,0.7,70.0,Hot
36,16,37,0,5,1,4,1,46,6,1,1,1,0.71,71.0,Hot
6,1,26,0,9,2,1,3,17,12,0,0,0,0.08,8.0,Cold
39,8,32,0,1,2,1,0,66,26,0,1,0,0.08,8.0,Cold
42,8,0,0,1,2,1,1,5,11,1,0,0,0.0,0.0,
58,12,43,0,3,2,2,0,54,21,0,0,0,0.16,16.0,Cold
12,5,33,0,8,3,3,3,16,11,1,0,1,0.5,50.0,Warm
3,5,3,1,6,4,0,2,7,18,0,1,0,0.06,6.0,Cold
18,19,16,0,1,4,3,1,8,8,0,1,0,0.05,5.0,Cold
40,19,3,0,7,2,4,1,38,25,0,0,0,0.24,24.0,Cold
21,2,42,0,6,2,2,3,54,7,1,0,0,0.22,22.0,Cold
15,16,25,0,8,2,2,3,15,28,0,0,1,0.9,90.0,Very Hot
26,16,3,0,7,4,1,1,50,14,1,0,0,0.05,5.0,Cold
8,11,0,0,2,4,1,2,56,16,0,0,0,0.0,0.0,
87,15,6,0,0,2,4,3,9,12,0,1,0,0.01,1.0,Cold
42,14,29,1,1,3,2,3,8,9,1,1,1,0.82,82.0,Very Hot
44,12,49,0,1,1,0,3,19,20,0,1,1,0.92,92.0,Very Hot
14,0,8,0,3,1,3,2,51,29,0,0,0,0.03,3.0,Cold
78,16,34,0,5,1,2,1,57,23,0,0,0,0.62,62.0,Hot
2,2,7,0,3,4,0,0,68,21,1,0,0,0.04,4.0,Cold
37,14,23,0,8,4,0,3,31,16,1,1,1,0.87,87.0,Very Hot
69,3,18,0,3,1,3,2,3,21,0,0,0,0.02,2.0,Cold
38,3,35,0,5,1,0,1,43,19,0,1,0,0.39,39.0,Warm
41,17,49,1,5,3,4,1,29,16,1,1,1,0.99,99.0,Very Hot
62,16,42,0,9,4,0,2,10,9,1,0,1,0.93,93.0,Very Hot
60,18,26,0,9,4,4,3,12,13,0,0,1,0.43,43.0,Warm
14,10,31,0,0,1,0,0,46,26,1,1,1,0.74,74.0,Hot
89,19,13,0,7,3,1,3,30,5,0,1,0,0.18,18.0,Cold
84,2,17,0,2,3,0,1,32,22,0,0,0,0.04,4.0,Cold
2,7,27,1,5,1,4,0,47,19,0,0,1,0.79,79.0,Very Hot
70,13,28,0,2,1,0,3,63,10,0,1,0,0.0,0.0,
17,0,15,1,1,4,0,0,26,7,0,1,0,0.05,5.0,Cold
89,13,34,1,4,1,0,2,3,9,1,0,1,0.93,93.0,Very Hot
28,1,46,0,0,2,4,3,23,25,0,0,0,0.47,47.0,Warm
66,3,30,0,8,3,0,1,50,14,0,0,0,0.04,4.0,Cold
35,18,3,0,6,1,3,1,36,15,0,1,0,0.13,13.0,Cold
5,5,36,0,2,2,3,0,13,13,1,0,0,0.15,15.0,Cold
65,0,16,1,3,3,4,2,29,10,1,1,0,0.03,3.0,Cold
40,16,38,0,5,2,1,3,38,14,0,1,1,0.79,79.0,Very Hot
76,7,47,1,2,2,3,2,5,26,0,0,1,0.9,90.0,Very Hot
56,18,45,0,6,1,2,2,20,21,0,1,1,0.98,98.0,Very Hot
36,0,25,1,5,3,3,0,14,23,0,0,0,0.17,17.0,Cold
45,4,47,1,8,2,2,0,8,29,0,1,1,0.99,99.0,Very Hot
23,15,38,0,4,4,4,3,48,12,0,1,1,0.84,84.0,Very Hot
47,5,40,0,3,3,1,1,13,28,1,0,1,0.89,89.0,Very Hot
31,7,3,0,2,4,2,3,24,29,0,0,0,0.03,3.0,Cold
11,12,29,1,9,1,2,2,65,19,0,1,1,0.97,97.0,Very Hot
10,15,29,1,0,4,3,0,34,6,0,0,0,0.29,29.0,Warm
67,2,21,1,2,3,2,2,51,12,1,0,0,0.01,1.0,Cold
14,18,10,0,2,2,4,0,3,24,0,0,0,0.16,16.0,Cold
80,11,1,0,6,2,4,1,58,13,0,1,0,0.04,4.0,Cold
74,15,43,1,6,3,4,2,55,8,1,1,1,0.94,94.0,Very Hot
10,10,11,0,0,2,3,0,42,16,0,1,0,0.01,1.0,Cold
76,9,29,1,2,4,1,3,21,2,0,0,0,0.12,12.0,Cold
1,19,35,0,7,2,3,3,10,22,0,0,1,0.95,95.0,Very Hot
5,3,17,0,8,2,4,3,57,7,1,0,0,0.04,4.0,Cold
20,11,25,0,6,4,3,2,25,12,0,0,0,0.12,12.0,Cold
8,1,6,0,6,4,4,0,56,7,1,1,0,0.03,3.0,Cold
43,18,0,0,7,4,0,0,38,19,0,1,0,0.1,10.0,Cold
76,4,25,0,5,1,0,0,61,14,0,0,0,0.02,2.0,Cold
1,7,22,0,2,4,2,2,47,9,1,1,0,0.02,2.0,Cold
57,6,25,0,0,4,1,0,54,18,0,0,0,0.0,0.0,
64,13,44,0,6,1,0,1,46,11,0,0,1,0.83,83.0,Very Hot
84,2,5,1,0,2,4,2,68,16,0,1,0,0.02,2.0,Cold
28,17,5,1,0,4,3,1,4,19,1,1,0,0.06,6.0,Cold
37,15,43,1,8,3,3,1,66,11,0,1,1,0.97,97.0,Very Hot
47,18,7,1,9,4,2,3,43,18,0,0,1,0.72,72.0,Hot
76,18,23,0,6,4,3,2,62,11,0,0,0,0.02,2.0,Cold
37,17,21,0,3,1,0,0,4,25,0,0,0,0.09,9.0,Cold
49,19,18,0,5,3,3,1,65,4,0,1,0,0.04,4.0,Cold
44,15,36,1,0,2,0,2,62,18,0,1,1,0.89,89.0,Very Hot
56,7,17,0,6,2,0,0,2,19,0,0,0,0.03,3.0,Cold
28,0,30,0,5,3,1,3,9,13,1,1,0,0.08,8.0,Cold
79,16,36,1,3,4,2,2,57,4,0,0,0,0.07,7.0,Cold
6,11,29,0,6,1,4,2,45,10,0,1,0,0.13,13.0,Cold
61,10,41,0,2,3,0,2,18,29,1,0,1,0.88,88.0,Very Hot
20,4,32,0,0,3,2,0,48,22,1,0,0,0.04,4.0,Cold
78,11,9,0,3,2,4,1,42,5,1,0,0,0.01,1.0,Cold
2,16,36,0,2,1,3,1,41,3,0,0,0,0.16,16.0,Cold
73,5,11,0,0,3,2,2,58,16,1,1,0,0.0,0.0,
37,0,29,0,1,1,2,2,42,26,1,1,0,0.07,7.0,Cold
20,4,26,0,4,4,2,0,35,8,0,1,0,0.01,1.0,Cold
26,13,38,1,7,2,3,3,38,24,0,1,1,0.97,97.0,Very Hot
29,4,8,1,0,4,3,2,67,7,0,0,0,0.0,0.0,
1,0,20,0,3,1,2,2,41,19,1,1,0,0.03,3.0,Cold
35,17,11,1,3,4,1,3,50,14,0,1,0,0.06,6.0,Cold
70,15,28,0,4,2,0,2,45,15,0,0,0,0.11,11.0,Cold
59,8,32,0,6,1,3,1,71,17,0,0,0,0.23,23.0,Cold
69,18,42,0,7,3,1,2,19,21,1,1,1,0.98,98.0,Very Hot
33,4,14,0,5,4,3,1,17,1,0,0,0,0.0,0.0,
51,1,1,0,0,2,2,0,65,6,1,1,0,0.0,0.0,
78,14,38,0,6,3,1,0,56,27,1,0,1,0.96,96.0,Very Hot
12,6,43,0,2,2,4,1,41,23,0,1,1,0.85,85.0,Very Hot
20,3,17,1,5,1,0,1,42,15,0,1,0,0.05,5.0,Cold
53,0,2,0,7,1,0,3,6,12,0,0,0,0.02,2.0,Cold
88,12,6,0,6,4,3,1,69,21,1,0,0,0.04,4.0,Cold
43,19,42,0,9,2,0,1,40,20,1,0,1,0.97,97.0,Very Hot
89,6,17,0,5,2,4,2,41,2,1,0,0,0.01,1.0,Cold
50,14,43,0,8,2,1,3,9,5,0,1,1,0.95,95.0,Very Hot
29,13,37,0,8,1,1,1,8,9,0,0,1,0.98,98.0,Very Hot
57,18,36,0,0,4,2,1,44,20,0,1,0,0.16,16.0,Cold
39,19,32,1,0,2,1,1,58,14,0,0,0,0.11,11.0,Cold
56,17,43,0,0,2,3,2,67,18,1,1,1,0.85,85.0,Very Hot
43,9,30,1,7,3,4,2,13,29,0,1,1,0.97,97.0,Very Hot
50,8,10,0,9,2,2,2,19,22,0,0,0,0.05,5.0,Cold
23,7,3,0,6,4,3,0,49,8,0,1,0,0.0,0.0,
44,9,17,0,2,3,3,2,30,2,0,1,0,0.0,0.0,
38,16,3,0,1,3,3,1,66,9,0,0,0,0.01,1.0,Cold
84,1,48,0,3,3,0,2,59,7,0,1,0,0.07,7.0,Cold
23,5,33,0,2,1,3,2,53,29,1,0,0,0.1,10.0,Cold
45,4,28,1,6,3,0,3,52,18,0,0,0,0.19,19.0,Cold
52,8,23,1,9,2,1,1,31,27,1,1,1,0.93,93.0,Very Hot
80,4,21,0,7,1,0,2,15,16,0,1,0,0.04,4.0,Cold
50,17,1,0,5,1,3,0,20,21,1,1,0,0.08,8.0,Cold
8,19,43,0,2,1,4,3,5,5,0,0,1,0.94,94.0,Very Hot
85,8,5,0,5,1,4,2,7,23,1,1,0,0.07,7.0,Cold
1,16,41,1,1,1,1,3,18,29,1,1,1,0.9,90.0,Very Hot
8,16,24,1,6,1,3,3,56,15,0,1,1,0.47,47.0,Warm
29,11,20,1,9,1,0,0,45,5,0,0,0,0.13,13.0,Cold
5,6,15,0,6,3,4,0,28,11,0,1,0,0.06,6.0,Cold
86,2,30,0,3,4,2,0,50,22,1,1,0,0.05,5.0,Cold
47,9,13,0,7,2,3,1,2,14,0,0,0,0.03,3.0,Cold
34,1,38,1,3,2,3,3,68,25,0,1,1,0.76,76.0,Very Hot
65,2,27,0,6,3,2,2,24,19,0,0,0,0.12,12.0,Cold
55,15,31,0,3,3,4,0,48,3,1,0,0,0.03,3.0,Cold
43,1,27,0,4,1,2,0,45,24,1,1,0,0.06,6.0,Cold
74,9,48,1,6,4,1,3,58,10,0,1,1,0.76,76.0,Very Hot
30,5,8,0,9,1,0,3,36,28,0,0,0,0.22,22.0,Cold
82,10,44,0,2,3,0,3,2,6,1,0,0,0.2,20.0,Cold
17,6,21,1,9,1,4,2,18,28,1,1,1,0.92,92.0,Very Hot
26,14,31,1,4,2,2,1,49,26,0,1,1,0.95,95.0,Very Hot
8,5,4,0,2,2,3,1,8,3,0,1,0,0.01,1.0,Cold
47,19,22,0,4,1,3,0,58,2,1,1,0,0.06,6.0,Cold
76,8,4,1,2,4,3,1,15,13,0,1,0,0.01,1.0,Cold
72,19,41,1,9,1,1,2,17,18,0,0,1,0.98,98.0,Very Hot
89,11,31,0,6,1,1,1,23,2,1,1,0,0.09,9.0,Cold
46,18,9,0,0,4,3,2,66,15,0,0,0,0.0,0.0,
